time,flux,flux_err,centroid_col,centroid_row,cadenceno,quality
1468.2854343404279,3121.792724609375,1.577361822128296,573.4678984595362,1173.9645126114983,0,0
1468.3062681608399,3124.142578125,1.578494668006897,573.4682530960839,1173.962301414263,1,0
1468.32710198032,3124.9169921875,1.5782051086425781,573.4687735650791,1173.96331376185,2,0
1468.347935799101,3123.755859375,1.5777404308319092,573.4689796715161,1173.9632726435461,3,0
1468.3687696171842,3124.537841796875,1.5779039859771729,573.4692343856009,1173.9645340420266,4,0
1468.4104372507886,3122.213623046875,1.5775694847106934,573.4693521555587,1173.9621498254655,5,0
1468.4312710663112,3122.351318359375,1.57744300365448,573.4696914400338,1173.9622273304146,6,0
1468.4521048811334,3122.60986328125,1.5776572227478027,573.468766091409,1173.9618392504892,7,0
1468.4729386950248,3122.09228515625,1.577798843383789,573.4691037715562,1173.9615777062877,8,0
1468.493772508219,3121.530029296875,1.5773375034332275,573.4689656862734,1173.9618149336447,9,0
1468.5146063207148,3118.781982421875,1.5786007642745972,573.4689021753519,1173.961548989548,10,0
1468.5354401322775,3118.7314453125,1.5768673419952393,573.469141899407,1173.9607720925194,11,0
1468.556273942909,3119.7939453125,1.5777270793914795,573.4688350733676,1173.9613850938078,12,0
1468.5771077528439,3118.81298828125,1.5766081809997559,573.4685403026053,1173.9610533604891,13,0
1468.5979415620795,3117.404052734375,1.5767024755477905,573.4691913437717,1173.9614006490933,14,0
1468.618775370383,3116.9892578125,1.5764394998550415,573.4694140753626,1173.9608272784892,15,0
1468.639609177756,3117.567626953125,1.5763143301010132,573.4688977757803,1173.960406418171,16,0
1468.6604429846625,3117.470947265625,1.5765244960784912,573.4690017515638,1173.961576322438,17,0
1468.6812767904048,3117.76904296875,1.5767014026641846,573.4686721881146,1173.960118391525,18,0
1468.7021105956828,3116.06884765625,1.5759655237197876,573.4686589928341,1173.9606908392407,19,0
1468.7229444000295,3116.42236328125,1.5763121843338013,573.4687259936767,1173.9608305426002,20,0
1468.7437782034435,3116.30126953125,1.5759931802749634,573.4685897247573,1173.959862345341,21,0
1468.764612006159,3114.84765625,1.5762689113616943,573.4686585799523,1173.9601279069439,22,0
1468.785445808177,3115.315185546875,1.5758720636367798,573.4685871980907,1173.960658210982,23,0
1468.8062796092631,3115.51318359375,1.5769380331039429,573.4686394740377,1173.960494033371,24,0
1468.8271134096522,3114.5078125,1.5757979154586792,573.4690990919983,1173.960665238225,25,0
1468.8479472091076,3114.1533203125,1.5766894817352295,573.4690450377294,1173.960406656009,26,0
1468.868781007865,3112.86083984375,1.575513243675232,573.4692363276314,1173.9605721832104,27,0
1468.889614805692,3112.947998046875,1.5752418041229248,573.4690011222971,1173.9608117752566,28,0
1468.9104486028205,3114.6064453125,1.5754764080047607,573.4687399078404,1173.959115808845,29,0
1468.9312823992495,3109.439208984375,1.5743352174758911,573.4683879407955,1173.959790707447,30,0
1468.952116194748,3109.565185546875,1.5745980739593506,573.4686157014265,1173.959432708615,31,0
1468.972949989315,3113.554443359375,1.5759148597717285,573.4686989218088,1173.9598531445524,32,0
1468.993783783416,3111.815673828125,1.5749850273132324,573.468736674738,1173.9599034014366,33,0
1469.0146175765872,3111.3515625,1.5752726793289185,573.4688564806794,1173.960319910098,34,0
1469.0354513688249,3112.15869140625,1.5750858783721924,573.4690106070241,1173.9600291592749,35,0
1469.0562851603645,3112.111083984375,1.5757595300674438,573.4689190639957,1173.9594238075053,36,0
1469.077118951207,3109.875244140625,1.5745640993118286,573.468802433952,1173.959837403279,37,0
1469.097952741118,3113.599609375,1.5753010511398315,573.4687054723231,1173.9584858755034,38,0
1469.11878653033,3109.14501953125,1.5744274854660034,573.4689713623605,1173.9589706619317,39,0
1469.139620318611,3108.7724609375,1.5746941566467285,573.4689961708974,1173.959470956291,40,0
1469.160454106193,3110.9345703125,1.5747100114822388,573.4695881278298,1173.960163667909,41,0
1469.181287892843,3108.39306640625,1.5743434429168701,573.4689343144482,1173.9589752373904,42,0
1469.202121679028,3108.92724609375,1.5751171112060547,573.4694159692123,1173.959388300341,43,0
1469.2229554640498,3110.47412109375,1.574420690536499,573.4692767600524,1173.958987820888,44,0
1469.243789248605,3111.364501953125,1.575235366821289,573.4693078368748,1173.9588611997553,45,0
1469.2646230319956,3107.2724609375,1.5737403631210327,573.4691106003054,1173.9598797490892,46,0
1469.285456814921,3108.551025390625,1.574081540107727,573.4692130452283,1173.9586798578455,47,0
1469.306290596915,3109.016357421875,1.5744929313659668,573.4686696058928,1173.9581269914847,48,0
1469.327124378211,3105.40234375,1.5733319520950317,573.4687156635739,1173.958533272095,49,0
1469.3479581585761,3109.57275390625,1.5744246244430542,573.4690991994856,1173.958979053625,50,0
1469.3687919382414,3106.90576171875,1.5740758180618286,573.4689786039258,1173.958714819542,51,0
1469.389625716975,3107.76953125,1.5741238594055176,573.4696984521845,1173.9600798119382,52,0
1469.410459495012,3105.87353515625,1.5732158422470093,573.4697208394534,1173.9589185132158,53,0
1469.4312932723496,3105.8994140625,1.575173258781433,573.4691475765468,1173.9582277858638,54,0
1469.4521270487553,3107.335693359375,1.5738192796707153,573.4688289005816,1173.9584604581664,55,0
1469.4729608244634,3106.830078125,1.5748549699783325,573.4690248893253,1173.9578788221452,56,0
1469.493794599472,3105.96533203125,1.5735797882080078,573.4688285399175,1173.958790031138,57,0
1469.5146283735498,3103.844970703125,1.5729204416275024,573.4696148119586,1173.958703810066,58,0
1469.53546214693,3102.73828125,1.5728967189788818,573.469422682648,1173.9581547860162,59,0
1469.556295919378,3102.45458984375,1.5731950998306274,573.4692857155223,1173.9581864008887,60,0
1469.577129691128,3101.933837890625,1.5725367069244385,573.4690652984635,1173.9579659995838,61,0
1469.5979634619462,3103.0283203125,1.572691798210144,573.4697854638755,1173.9590841100444,62,0
1469.6187972320654,3104.843017578125,1.5730597972869873,573.4692312904715,1173.957907153383,63,0
1469.6396310014866,3105.17578125,1.5733819007873535,573.4694769553731,1173.9586481625624,64,0
1469.660464769977,3103.525390625,1.5730843544006348,573.468865953065,1173.957495472796,65,0
1469.68129853777,3101.998291015625,1.5724948644638062,573.4693370873975,1173.9583086169016,66,0
1469.7021323048616,3103.373046875,1.5733940601348877,573.4693271681928,1173.9584452668373,67,0
1469.7229660710232,3101.579833984375,1.5727062225341797,573.4692497782797,1173.9580370339554,68,0
1469.7437998364871,3099.259033203125,1.572745442390442,573.4695933358095,1173.9584139452593,69,0
1469.7646336010189,3102.9208984375,1.5728484392166138,573.4695714974958,1173.9578091152457,70,0
1469.7854673648521,3103.4638671875,1.5729267597198486,573.4700771539771,1173.9583223559896,71,0
1469.8063011279878,3108.52978515625,1.5749974250793457,573.4701422155583,1173.9578678952303,72,0
1469.8271348901906,3103.565185546875,1.5739320516586304,573.4692568038757,1173.957760281597,73,0
1469.8479686516948,3104.8623046875,1.5732810497283936,573.4700177298774,1173.958140341636,74,0
1469.8688024122694,3104.190185546875,1.5731974840164185,573.4693678914817,1173.9576255766624,75,0
1469.8896361721445,3103.796142578125,1.5733482837677002,573.4700755395064,1173.9578590048775,76,0
1469.9104699313216,3101.13916015625,1.5724728107452393,573.4697189855731,1173.9581101808922,77,0
1469.931303689567,3105.287353515625,1.5740535259246826,573.4694642246005,1173.957376116781,78,0
1469.952137447113,3101.6806640625,1.5726598501205444,573.4692411258104,1173.957360409128,79,0
1469.972971203962,3103.57177734375,1.57279372215271,573.469962528211,1173.9578334800424,80,0
1469.9938049598795,3101.77197265625,1.5726971626281738,573.4699898849716,1173.9573270319117,81,0
1470.014638715098,3100.98291015625,1.571976900100708,573.4699217741886,1173.9569587488247,82,0
1470.0354724693861,3103.753173828125,1.5729103088378906,573.469323107978,1173.9577064703906,83,0
1470.0563062229744,3100.426513671875,1.5720949172973633,573.4698365789989,1173.9575063091827,84,0
1470.0771399756313,3099.015869140625,1.5718464851379395,573.4697884613854,1173.9570434347504,85,0
1470.097973727823,3099.865234375,1.5718380212783813,573.4695612810947,1173.9573186519417,86,0
1470.118807478851,3098.5732421875,1.5715869665145874,573.4693521329909,1173.9575988243864,87,0
1470.1396412294134,3100.388427734375,1.5722752809524536,573.4704062743052,1173.9573526671895,88,0
1470.160474979044,3099.22900390625,1.5716688632965088,573.4696436834325,1173.9572205891366,89,0
1470.1813087277435,3100.27197265625,1.5716497898101807,573.4700700795372,1173.9575630256734,90,0
1470.2021424759769,3099.14208984375,1.5717401504516602,573.4701383778241,1173.956668325707,91,0
1470.2229762232791,3098.7568359375,1.5724799633026123,573.4697371866931,1173.9567816305494,92,0
1470.243809969651,3098.4384765625,1.571535587310791,573.4696814620582,1173.95704491473,93,0
1470.264643715324,3099.03515625,1.571700930595398,573.4695840391981,1173.9569300822743,94,0
1470.2854774602984,3096.78076171875,1.5711933374404907,573.4699123073403,1173.9579167689576,95,0
1470.3063112043405,3098.051025390625,1.5712175369262695,573.4702043804789,1173.9568224655638,96,0
1470.3271449476852,3098.19873046875,1.5714919567108154,573.4700453526345,1173.9569127021575,97,0
1470.3479786903304,3096.959228515625,1.5713086128234863,573.4700592996769,1173.956767364504,98,0
1470.3688124320452,3097.6669921875,1.571426510810852,573.4702194345323,1173.957243665769,99,0
1470.389646173062,3098.187255859375,1.5716636180877686,573.4699426032344,1173.957078044629,100,0
1470.4104799131464,3096.476806640625,1.571792483329773,573.4695025450658,1173.9566294216374,101,0
1470.431313652532,3094.843994140625,1.570603609085083,573.4692683935707,1173.956767349314,102,0
1470.4521473912196,3099.677490234375,1.572084665298462,573.4707045268933,1173.9575471187268,103,0
1470.472981128976,3097.49560546875,1.5711692571640015,573.470316310146,1173.956222065662,104,0
1470.493814866034,3098.181640625,1.5715420246124268,573.4702346847382,1173.956080431503,105,0
1470.5146486021608,3097.639404296875,1.5713402032852173,573.4701486889392,1173.9565906569007,106,0
1470.535482337589,3095.7578125,1.5709439516067505,573.4693776210105,1173.9561698594598,107,0
1470.5563160723182,3095.84228515625,1.5710242986679077,573.469319448968,1173.9563263520488,108,0
1470.5771498061158,3097.951171875,1.5713229179382324,573.4698502065693,1173.9570525500883,109,0
1470.5979835392159,3096.028076171875,1.5708156824111938,573.4696306720485,1173.9561647255323,110,0
1470.618817271385,3096.383544921875,1.5713189840316772,573.470527327708,1173.9581751136402,111,0
1470.6396510028549,3094.410888671875,1.5705219507217407,573.47040534152,1173.9573550003956,112,0
1470.6604847336266,3095.630126953125,1.5723258256912231,573.4701117656481,1173.9557221716032,113,0
1470.681318463467,3096.7275390625,1.5710982084274292,573.4696978626,1173.9566871246707,114,0
1470.7021521926085,3098.873291015625,1.5717099905014038,573.469927424479,1173.956495014766,115,0
1470.722985921051,3095.252685546875,1.570899248123169,573.4692149212563,1173.9569090691823,116,0
1470.743819648563,3096.650634765625,1.5712119340896606,573.4695512556449,1173.956631915342,117,0
1470.7646533753768,3096.48681640625,1.5710806846618652,573.4707293540042,1173.9582337594347,118,0
1470.7854871012587,3094.609619140625,1.570671558380127,573.4697357607628,1173.9566272463278,119,0
1470.806320826442,3098.02099609375,1.5713450908660889,573.4700863367759,1173.9561915155955,120,0
1470.8271545506946,3096.90087890625,1.57170832157135,573.4701614954813,1173.955943849722,121,0
1470.84798827448,3096.430908203125,1.5711323022842407,573.4700808902891,1173.9567107389817,122,0
1470.8688219971027,3095.603515625,1.5710444450378418,573.4705747136817,1173.9577170247276,123,0
1470.8896557192602,3097.8310546875,1.5711164474487305,573.4702294838186,1173.9572542840426,124,0
1470.910489440253,3095.55615234375,1.5712034702301025,573.4700096566099,1173.9559982954238,125,0
1470.93132316078,3095.248779296875,1.5708999633789062,573.4708393025979,1173.9570892463003,126,0
1470.9521568803762,3097.06103515625,1.5711562633514404,573.4708725261837,1173.9574668922828,127,0
1470.972990599273,3098.777587890625,1.5716803073883057,573.470309445438,1173.956984705568,128,0
1470.993824317238,3099.00439453125,1.5714319944381714,573.4703576556609,1173.9562139451918,129,0
1471.014658034505,3095.899658203125,1.571442723274231,573.4708750844288,1173.9571305114305,130,0
1471.035491750842,3098.048095703125,1.571812629699707,573.4706673395272,1173.957161028653,131,0
1471.056325466479,3095.179931640625,1.5712416172027588,573.4703227248896,1173.9570163356473,132,0
1471.077159181418,3098.129150390625,1.5716102123260498,573.4701336677243,1173.9569246679475,133,0
1471.097992895427,3095.529541015625,1.5719637870788574,573.4704882801394,1173.957348643524,134,0
1471.1188266087345,3094.908447265625,1.5708131790161133,573.4707858661667,1173.957456833359,135,0
1471.139660321345,3100.602294921875,1.5718451738357544,573.47039530382,1173.9568248734436,136,0
1471.1604940330249,3096.333251953125,1.5708707571029663,573.4705447081316,1173.9565006030712,137,0
1471.181327743773,3100.84521484375,1.572280764579773,573.4709348320637,1173.9577915807356,138,0
1471.2021614538226,3096.669677734375,1.5711053609848022,573.4705564425902,1173.9569711239212,139,0
1471.222995163174,3100.59716796875,1.5722309350967407,573.4707381276414,1173.9572309915256,140,0
1471.243828871594,3100.145751953125,1.5719588994979858,573.4704849141182,1173.9566831810846,141,0
1471.2646625793145,3099.07666015625,1.5717800855636597,573.4707150657903,1173.9572309135044,142,0
1471.285496286337,3098.349609375,1.5713261365890503,573.4708306936342,1173.9571597211059,143,0
1471.3063299924283,3098.876220703125,1.5717687606811523,573.4702659072558,1173.9563445890676,144,0
1471.3271636975892,3096.513671875,1.5710382461547852,573.470489380935,1173.9571711310602,145,0
1471.347997402284,3097.959716796875,1.5717743635177612,573.4711418364358,1173.9573573951575,146,0
1471.368831105814,3098.822021484375,1.5715781450271606,573.4704959612851,1173.9566841963242,147,0
1471.389664808879,3097.5654296875,1.5714811086654663,573.4702081823332,1173.957177525618,148,0
1471.410498511012,3098.295654296875,1.5724152326583862,573.4709853002443,1173.9586430535815,149,0
1471.431332212213,3099.54296875,1.5725067853927612,573.4703224088449,1173.9574629552556,150,0
1471.4521659127172,3102.09765625,1.5745328664779663,573.4701034936352,1173.956877806112,151,0
1471.472999612522,3101.301513671875,1.5720150470733643,573.4706337458654,1173.9575247535392,152,0
1471.4938333113969,3100.420654296875,1.572671890258789,573.4709196112265,1173.9582093372221,153,0
1471.5563344033621,3100.10302734375,1.5720146894454956,573.4711549070398,1173.9577661386948,154,0
1471.5771680989744,3100.0322265625,1.5730371475219727,573.4704623530407,1173.9581283295315,155,0
1471.59800179389,3100.50634765625,1.5720943212509155,573.4705475116921,1173.9583356234184,156,0
1471.618835487875,3098.85986328125,1.5720856189727783,573.4703430275752,1173.957723945535,157,0
1471.6396691811606,3099.212646484375,1.5722507238388062,573.4708654226773,1173.9577009305303,158,0
1471.660502873748,3099.59130859375,1.572329044342041,573.4704581217628,1173.9581546178672,159,0
1471.7021702563616,3096.971435546875,1.5711822509765625,573.4709580440033,1173.9583919383974,160,0
1471.723003946387,3103.105712890625,1.5727171897888184,573.4699964402945,1173.9555437958647,161,0
1471.743837635715,3100.626953125,1.572361707687378,573.4703499000958,1173.9589639188237,162,0
1471.7855050118092,3102.442138671875,1.5724927186965942,573.4706138325222,1173.9575233818682,163,0
1471.806338698576,3098.990234375,1.5732618570327759,573.4701950448672,1173.958071236504,164,0
1471.827172384644,3100.9677734375,1.572157621383667,573.4705600723659,1173.9566297307954,165,0
1471.84800606978,3104.3134765625,1.573188066482544,573.4711709084701,1173.9583144157873,166,0
1471.8688397542192,3102.25244140625,1.5723987817764282,573.4708312780076,1173.9565899363854,167,0
1471.8896734379584,3103.603515625,1.5726655721664429,573.4707015160835,1173.9573468557373,168,0
1471.910507120766,3102.263671875,1.573125958442688,573.4707012178135,1173.9591088585767,169,0
1471.9313408026442,3105.679443359375,1.573458194732666,573.4705629052054,1173.9563992631631,170,0
1471.952174483822,3103.3623046875,1.57292640209198,573.4699219525634,1173.9580883951787,171,0
1471.973008164302,3104.038330078125,1.572783350944519,573.471014754359,1173.9583399106555,172,0
1471.9938418438514,3101.830078125,1.5725188255310059,573.4707274152041,1173.9576360147141,173,0
1472.0146755224691,3105.11474609375,1.5730494260787964,573.4704618745848,1173.957859465112,174,0
1472.0355092003879,3104.348388671875,1.5734765529632568,573.4705863616992,1173.9582344408686,175,0
1472.0563428776081,3105.266357421875,1.573379635810852,573.4709338564596,1173.9581412086527,176,0
1472.077176553897,3103.7470703125,1.5727415084838867,573.4708088851618,1173.9574329061993,177,0
1472.098010229488,3104.043701171875,1.5730019807815552,573.4705676653666,1173.9583034290185,178,0
1472.118843904147,3106.354248046875,1.5735732316970825,573.4709824879337,1173.9573627669217,179,0
1472.139677577876,3106.160400390625,1.5732650756835938,573.4707816057949,1173.958629801633,180,0
1472.1605112509055,3104.338134765625,1.5727977752685547,573.4704228107734,1173.9563238097926,181,0
1472.1813449232359,3106.2197265625,1.5732040405273438,573.4710647998959,1173.959567324757,182,0
1472.2021785946358,3103.078857421875,1.57290518283844,573.4703876867189,1173.9571651190527,183,0
1472.223012265105,3105.9140625,1.5738525390625,573.4706314126024,1173.95670734794,184,0
1472.2438459348741,3107.857666015625,1.5737985372543335,573.4711727161928,1173.9575633543693,185,0
1472.2646796039448,3107.77392578125,1.5743173360824585,573.4705415406269,1173.9568995247396,186,0
1472.2855132720856,3106.444091796875,1.573536992073059,573.4707191609239,1173.9580832710167,187,0
1472.3063469392941,3105.690673828125,1.573317050933838,573.4712163356407,1173.9598570550265,188,0
1472.327180605805,3104.5224609375,1.5731008052825928,573.470556849713,1173.9564856103166,189,0
1472.3480142713834,3107.399658203125,1.573697805404663,573.4707034556894,1173.9566353063178,190,0
1472.368847936264,3106.4140625,1.573770523071289,573.4715018451144,1173.959656639897,191,0
1472.3896816002139,3106.69384765625,1.574306845664978,573.4706833027662,1173.9566666133596,192,0
1472.410515263464,3108.383056640625,1.5743104219436646,573.4708646551582,1173.9558506199803,193,0
1472.431348925783,3109.605224609375,1.5742669105529785,573.4713127298285,1173.9579805079602,194,0
1472.452182587404,3108.470703125,1.5744261741638184,573.4705786960969,1173.956962760291,195,0
1472.473016248093,3106.5126953125,1.5734949111938477,573.4701682634045,1173.957294564343,196,0
1472.493849908084,3109.75634765625,1.5743446350097656,573.4713730539644,1173.9582556300807,197,0
1472.5146835669116,3111.086181640625,1.5747262239456177,573.4710053665503,1173.9569210458849,198,0
1472.5355172252725,3109.048095703125,1.5744576454162598,573.4703726899365,1173.95750560223,199,0
1472.5563508827022,3110.486328125,1.5746924877166748,573.4712387657929,1173.9578280733049,200,0
1472.5771845392019,3107.182373046875,1.5745060443878174,573.471128235135,1173.9582540302642,201,0
1472.5980181950017,3103.99560546875,1.5728479623794556,573.4699503876288,1173.955884064815,202,0
1472.6188518498693,3110.508544921875,1.5746647119522095,573.4704604096512,1173.9574100184739,203,0
1472.639685503807,3108.1630859375,1.5742623805999756,573.4708145118748,1173.9584775641981,204,0
1472.6605191570466,3105.186767578125,1.573261022567749,573.4702186303081,1173.9561531039178,205,0
1472.6813528095863,3106.302001953125,1.5735374689102173,573.4707211618455,1173.9586695998944,206,0
1472.7021864609628,3103.53662109375,1.5738340616226196,573.4715170271819,1173.9573035161184,207,0
1472.7230201118741,3106.953125,1.5745824575424194,573.4706376492211,1173.9585952724642,208,0
1472.7438537616204,3106.16748046875,1.5738776922225952,573.471063694238,1173.9564786111018,209,0
1472.7646874106686,3107.867919921875,1.5738632678985596,573.4711357035724,1173.9572524139567,210,0
1472.785521058786,3107.732666015625,1.5738996267318726,573.4704494416138,1173.9577769189962,211,0
1472.806354706203,3107.666259765625,1.5737749338150024,573.4705539440997,1173.957356865633,212,0
1472.827188352689,3112.31884765625,1.574793815612793,573.471253503867,1173.9571775069583,213,0
1472.848021998478,3111.549560546875,1.5747631788253784,573.4711249168001,1173.9583953417628,214,0
1472.8688556433349,3110.859619140625,1.5745341777801514,573.4705793837757,1173.9562973956138,215,0
1472.8896892872604,3113.394775390625,1.575210690498352,573.471557263635,1173.9592069062726,216,0
1472.910522930488,3112.11328125,1.5749887228012085,573.4708923697535,1173.956823101609,217,0
1472.9313565727844,3110.4130859375,1.57476007938385,573.4713357121979,1173.9576625917603,218,0
1472.9521902141491,3110.688720703125,1.574871301651001,573.4717330091612,1173.9577240096658,219,0
1472.973023854815,3112.45703125,1.5755720138549805,573.4706405177532,1173.958220951924,220,0
1472.99385749455,3112.29150390625,1.5751280784606934,573.4707618976422,1173.9575898148612,221,0
1473.0146911333532,3114.37255859375,1.5756011009216309,573.4713108230568,1173.9580376369795,222,0
1473.0355247714579,3110.79052734375,1.5747718811035156,573.470741560571,1173.9580466292905,223,0
1473.056358408631,3115.86572265625,1.5761595964431763,573.4704254980143,1173.957400835536,224,0
1473.0771920451061,3111.745361328125,1.574917197227478,573.4712635052315,1173.9587736645328,225,0
1473.098025680651,3112.837646484375,1.5752640962600708,573.4705025802375,1173.9574383657866,226,0
1473.1188593152629,3113.443359375,1.5751115083694458,573.4706757544933,1173.9575255413301,227,0
1473.139692948944,3116.083984375,1.576344609260559,573.470971004773,1173.958202161558,228,0
1473.1605265819271,3115.427734375,1.5758596658706665,573.4710747479467,1173.957424968215,229,0
1473.1813602139787,3116.1015625,1.5756226778030396,573.4708727437315,1173.9576287815491,230,0
1473.2021938450985,3117.72900390625,1.5760632753372192,573.4713467890681,1173.95802096918,231,0
1473.2230274755211,3114.91015625,1.5755342245101929,573.470994737932,1173.9577486591081,232,0
1473.24386110501,3115.6943359375,1.575966477394104,573.4706990264917,1173.9573130326996,233,0
1473.264694733568,3118.187744140625,1.5762057304382324,573.4711301617111,1173.9586850538326,234,0
1473.285528361429,3114.4267578125,1.5754523277282715,573.4706384499995,1173.9575595205247,235,0
1473.3063619883592,3116.7431640625,1.5758767127990723,573.4707553571233,1173.957806495365,236,0
1473.3271956143567,3115.00634765625,1.5758265256881714,573.4711982444483,1173.9580500445722,237,0
1473.3480292394229,3118.3955078125,1.5767449140548706,573.4713990947901,1173.9577233853922,238,0
1473.368862863791,3117.3134765625,1.5760127305984497,573.4709880341616,1173.9581747988568,239,0
1473.3896964872279,3118.03857421875,1.5764728784561157,573.4716134833487,1173.958636146569,240,0
1473.410530109733,3117.086669921875,1.5770623683929443,573.4712529176421,1173.958373614372,241,0
1473.4313637313076,3118.013671875,1.576178789138794,573.4711192518367,1173.9579450433876,242,0
1473.452197352183,3117.6552734375,1.5760223865509033,573.4710563973169,1173.9593925382908,243,0
1473.4730309721267,3117.169921875,1.5761984586715698,573.4707781971358,1173.9578884882496,244,0
1473.4938645911388,3115.464111328125,1.5758891105651855,573.4710358938263,1173.9579974744809,245,0
1473.5146982092206,3117.1005859375,1.5760936737060547,573.4711678012012,1173.9584936539584,246,0
1473.5355318266033,3118.708740234375,1.5762302875518799,573.471175985075,1173.9576270285859,247,0
1473.5563654428229,3119.318115234375,1.5770626068115234,573.4708628234758,1173.9586962588305,248,0
1473.577199058343,3119.50732421875,1.5765790939331055,573.4716977348155,1173.9585095153966,249,0
1473.598032673165,3119.251708984375,1.576926350593567,573.4709831874335,1173.9581480152358,250,0
1473.618866286823,3119.829833984375,1.5766085386276245,573.4708339629558,1173.9573054478492,251,0
1473.6396998995497,3120.65234375,1.5772006511688232,573.471968403385,1173.958459345236,252,0
1473.6605335115773,3121.7177734375,1.577957272529602,573.4713518343016,1173.9573089989985,253,0
1473.681367122675,3118.600341796875,1.5767796039581299,573.4711977152899,1173.957994876539,254,0
1473.7022007328394,3119.5927734375,1.576479434967041,573.4714587397006,1173.9590953941242,255,0
1473.723034342072,3122.01806640625,1.5770753622055054,573.4712955393529,1173.9580087495208,256,0
1473.743867950841,3118.647216796875,1.5764343738555908,573.4705557093839,1173.9578329019484,257,0
1473.764701558445,3123.19189453125,1.5774309635162354,573.4714927637037,1173.9586610327037,258,0
1473.7855351651178,3117.12890625,1.5761164426803589,573.4711379286578,1173.9576758374217,259,0
1473.80636877086,3122.4736328125,1.5771985054016113,573.471521410434,1173.9582715385845,260,0
1473.8272023754375,3120.32275390625,1.5765827894210815,573.4712830050634,1173.9575463611866,261,0
1473.848035979549,3121.279296875,1.5771582126617432,573.4708803782785,1173.9578323331841,262,0
1473.8688695824972,3122.60791015625,1.5773669481277466,573.4710942505052,1173.9575007982673,263,0
1473.889703184514,3120.888916015625,1.577176809310913,573.4713521855041,1173.9581798273525,264,0
1473.9105367855987,3121.20361328125,1.576993465423584,573.4707061997192,1173.9576433479735,265,0
1473.931370385985,3121.10791015625,1.5771070718765259,573.4711438750512,1173.9588409447142,266,0
1473.95220398544,3120.055419921875,1.577109694480896,573.4710385698559,1173.95798301993,267,0
1473.9730375837305,3119.017333984375,1.577104091644287,573.4710877151922,1173.9572603644713,268,0
1473.993871181322,3123.5234375,1.577676773071289,573.4716695240063,1173.9583983705738,269,0
1474.014704777984,3122.33154296875,1.5774388313293457,573.4712011018003,1173.9579789812708,270,0
1474.0355383737135,3121.518798828125,1.5777255296707153,573.470894960253,1173.9575601640922,271,0
1474.056371968279,3119.845458984375,1.5777837038040161,573.4716443712978,1173.9593467529685,272,0
1474.077205562147,3123.17578125,1.5773011445999146,573.4711972684368,1173.95767439399,273,0
1474.0980391550825,3122.116455078125,1.5773628950119019,573.4703600720946,1173.9571826491617,274,0
1474.1188727470872,3122.75439453125,1.577150583267212,573.471285870112,1173.958879669938,275,0
1474.139706338161,3121.437255859375,1.5770859718322754,573.470738886138,1173.9582902894683,276,0
1474.1605399283026,3122.990478515625,1.577286958694458,573.4710220494131,1173.9581934093712,277,0
1474.1813735175128,3123.7578125,1.577689528465271,573.4715682491603,1173.9592927739557,278,0
1474.2022071057931,3127.26953125,1.578513503074646,573.4709096229801,1173.9582018598055,279,0
1474.2230406931403,3124.12841796875,1.5776861906051636,573.4713154176594,1173.9584214796628,280,0
1474.2438742795562,3121.169189453125,1.5788415670394897,573.4712546157168,1173.958292886616,281,0
1474.2647078650411,3122.39794921875,1.5772037506103516,573.4709423870282,1173.9579247313895,282,0
1474.285541449595,3126.21484375,1.5781364440917969,573.4711952017716,1173.9587346258986,283,0
1474.3063750332176,3124.825439453125,1.5777243375778198,573.4710049526204,1173.9585763189116,284,0
1474.327208615909,3123.831298828125,1.577803373336792,573.4707490410672,1173.9575349488125,285,0
1474.3480421974364,3125.016845703125,1.577942132949829,573.4714071463209,1173.9588237180596,286,0
1474.3688757782652,3123.9990234375,1.5785212516784668,573.4712916441986,1173.9578711149666,287,0
1474.3897093579299,3122.968017578125,1.57764732837677,573.470790929133,1173.9578268940031,288,0
1474.4105429368956,3124.760986328125,1.5777117013931274,573.471301125297,1173.9590421408013,289,0
1474.431376514698,3124.662841796875,1.5779014825820923,573.4711996466182,1173.9583571770518,290,0
1474.4522100915683,3121.0185546875,1.577027678489685,573.4705230402141,1173.9574612913077,291,0
1474.4730436675081,3122.264404296875,1.577437162399292,573.4715049091802,1173.9590450957264,292,0
1474.493877242516,3123.67626953125,1.5777416229248047,573.4711098912368,1173.958318134838,293,0
1474.5147108165925,3122.876220703125,1.5774576663970947,573.4706954945397,1173.958445714396,294,0
1474.535544389505,3121.94775390625,1.577018141746521,573.4715851861716,1173.9593157218872,295,0
1474.5563779614854,3121.95166015625,1.5773648023605347,573.4705845874342,1173.9582365168867,296,0
1474.5772115327677,3122.816162109375,1.5779708623886108,573.471197684632,1173.9584309894688,297,0
1474.5980451028863,3123.41162109375,1.5776844024658203,573.4713082387814,1173.9596808737317,298,0
1474.6188786718403,3125.172119140625,1.578278660774231,573.471601280945,1173.9582970332494,299,0
1474.6813793733486,3119.842041015625,1.5767382383346558,573.4711955623943,1173.9587442981083,300,0
1474.723046502876,3123.62109375,1.5780130624771118,573.4710553238648,1173.960162968785,301,0
1474.7438800660093,3126.637939453125,1.5781642198562622,573.471096087215,1173.9579904564084,302,0
1474.764713628211,3123.943359375,1.57779860496521,573.470854598336,1173.9592970869369,303,0
1474.7855471894832,3122.057373046875,1.5777759552001953,573.4711019388022,1173.9588538918717,304,0
1474.8063807495892,3125.1171875,1.5782289505004883,573.4706025574823,1173.9582502667868,305,0
1474.8272143087638,3124.92138671875,1.5793042182922363,573.4713264759473,1173.9591792270087,306,0
1474.848047867009,3123.47705078125,1.5774447917938232,573.470657028011,1173.9585004492815,307,0
1474.868881424089,3124.797607421875,1.5778918266296387,573.4703965788096,1173.958574543617,308,0
1474.8897149802365,3125.059326171875,1.5782761573791504,573.4713645475324,1173.9585422225969,309,0
1474.910548535221,3123.2353515625,1.577407717704773,573.4710361835574,1173.9586352258134,310,0
1474.931382089507,3124.31103515625,1.5775573253631592,573.4704175307244,1173.9583776497443,311,0
1474.952215642396,3124.534423828125,1.5784615278244019,573.4715196533577,1173.9590761979148,312,0
1474.973049194587,3127.591796875,1.5784690380096436,573.4711353458725,1173.9579921547097,313,0
1474.993882745613,3127.061279296875,1.5786205530166626,573.4713802938421,1173.9590803113229,314,0
1475.014716295475,3128.02294921875,1.5786077976226807,573.4706210660125,1173.9585194911454,315,0
1475.035549844406,3122.72900390625,1.5776015520095825,573.470643656429,1173.9579432353887,316,0
1475.0563833924066,3129.500732421875,1.5789967775344849,573.4713701497102,1173.9596690723165,317,0
1475.0772169392417,3126.406982421875,1.5787979364395142,573.4706617930536,1173.958578102687,318,0
1475.098050484913,3126.45068359375,1.5782071352005005,573.4704826282987,1173.9594110979888,319,0
1475.1188840296531,3125.7529296875,1.5779694318771362,573.470907566099,1173.9596893998353,320,0
1475.1397175734614,3130.42822265625,1.5790951251983643,573.4701814442008,1173.9581133248698,321,0
1475.160551116106,3128.4775390625,1.5797863006591797,573.4709827204789,1173.9594122954113,322,0
1475.181384657587,3128.5888671875,1.578693151473999,573.4709194518795,1173.958936338736,323,0
1475.2022181981356,3130.758056640625,1.5796438455581665,573.4705541975976,1173.9576659042693,324,0
1475.22305173752,3131.0048828125,1.5797054767608643,573.4714195675248,1173.9593479201997,325,0
1475.2438852757414,3131.955810546875,1.5798918008804321,573.4706986873982,1173.9588952628958,326,0
1475.2647188130295,3132.227294921875,1.5794774293899536,573.4703885810029,1173.9583328007109,327,0
1475.285552349154,3132.7109375,1.579898715019226,573.4710800708626,1173.959340522573,328,0
1475.3063858843489,3132.5146484375,1.5810045003890991,573.4707875612395,1173.958433976734,329,0
1475.327219418378,3132.557373046875,1.5798850059509277,573.4707872679782,1173.9591060934279,330,0
1475.3480529512435,3134.253173828125,1.5801379680633545,573.4710260851832,1173.9590621940456,331,0
1475.368886483178,3130.525146484375,1.5791248083114624,573.470356844083,1173.9579463840143,332,0
1475.3897200137153,3133.75390625,1.580405354499817,573.4715276877522,1173.9603596947488,333,0
1475.410553543321,3133.96240234375,1.5805779695510864,573.4707363101604,1173.9587333417207,334,0
1475.4313870717633,3135.995849609375,1.5804855823516846,573.4708388390258,1173.9579820660724,335,0
1475.452220599274,3133.443359375,1.5802417993545532,573.4706577361603,1173.9601930319673,336,0
1475.473054125387,3134.48193359375,1.5801531076431274,573.4702462072502,1173.9577752772486,337,0
1475.4938876505698,3136.72900390625,1.5806564092636108,573.4710843683418,1173.9594741264855,338,0
1475.5147211745875,3138.406494140625,1.5812108516693115,573.471065459564,1173.9594945819547,339,0
1475.535554697441,3139.447021484375,1.5812944173812866,573.4705297190527,1173.959167919015,340,0
1475.5563882191313,3135.26904296875,1.5803823471069336,573.471398975881,1173.9593973109613,341,0
1475.5772217398899,3136.55419921875,1.580672264099121,573.470464894796,1173.9578367222098,342,0
1475.598055259251,3141.275390625,1.5815373659133911,573.4708435205116,1173.9589722421445,343,0
1475.618888777449,3140.386474609375,1.5815962553024292,573.4711265481684,1173.9595097707593,344,0
1475.6397222947144,3144.5517578125,1.5837332010269165,573.4704231451441,1173.9584998145199,345,0
1475.660555810583,3143.99951171875,1.5829687118530273,573.4715620098647,1173.9593274584786,346,0
1475.681389325521,3142.667236328125,1.5819557905197144,573.4708139782394,1173.9601183038237,347,0
1475.702222839062,3145.83203125,1.5831729173660278,573.4703294514505,1173.9579008097426,348,0
1475.7230563514377,3148.83642578125,1.5853183269500732,573.471091112525,1173.9590642458145,349,0
1475.743889862882,3147.259521484375,1.5831397771835327,573.4707399732763,1173.9593424086634,350,0
1475.764723372931,3149.173828125,1.5839059352874756,573.4701817855719,1173.9597251933792,351,0
1475.785556881815,3151.80126953125,1.584453821182251,573.4705528437437,1173.9596506326445,352,0
1475.806390389535,3151.575927734375,1.5843985080718994,573.4708575625026,1173.9585065154888,353,0
1475.827223896091,3150.177978515625,1.5841054916381836,573.4702291494567,1173.9587033211092,354,0
1475.848057401482,3153.8818359375,1.584949254989624,573.4707876713654,1173.9598796571531,355,0
1475.868890905477,3153.528076171875,1.5846638679504395,573.4704354025606,1173.958876141716,356,0
1475.889724408308,3155.42578125,1.5850285291671753,573.4706542720314,1173.960024968618,357,0
1475.9105579099742,3154.15478515625,1.584858775138855,573.4704661328398,1173.959551380333,358,0
1475.931391410476,3157.282470703125,1.5855765342712402,573.4705240875336,1173.9599054521073,359,0
1475.952224909814,3157.501953125,1.5863337516784668,573.4710854365626,1173.9601799444806,360,0
1475.9730584077552,3159.74169921875,1.5861374139785767,573.4701380403579,1173.9591413490427,361,0
1475.9938919045321,3161.348388671875,1.586500644683838,573.4705994042112,1173.959260877946,362,0
1476.014725399912,3161.264892578125,1.5869423151016235,573.4710922643717,1173.9599447729286,363,0
1476.0355588941275,3161.57177734375,1.5866121053695679,573.4702505108573,1173.9594294926453,364,0
1476.0563923871791,3164.49267578125,1.58787202835083,573.4706754857094,1173.961009361613,365,0
1476.077225879067,3163.1171875,1.587117314338684,573.470529341405,1173.9601689930048,366,0
1476.098059369557,3165.284912109375,1.5874950885772705,573.4709713905283,1173.9600752143829,367,0
1476.1188928586498,3168.08935546875,1.588135004043579,573.4710937619205,1173.959979087957,368,0
1476.1397263465801,3168.042236328125,1.5881344079971313,573.4698190088993,1173.9595286052627,369,0
1476.160559833345,3169.809326171875,1.5892044305801392,573.4708065150803,1173.96029916227,370,0
1476.1813933187132,3170.442138671875,1.5887305736541748,573.4701454382372,1173.9606454666905,371,0
1476.2022268029168,3173.013427734375,1.5894906520843506,573.4701051531458,1173.9604460391101,372,0
1476.223060285724,3173.791015625,1.589548945426941,573.470905448279,1173.9602156598291,373,0
1476.243893767366,3175.31298828125,1.590170979499817,573.4701226414688,1173.9599157628716,374,0
1476.264727247612,3176.3984375,1.5908085107803345,573.4704125478228,1173.960698395561,375,0
1476.285560726461,3179.046875,1.5907361507415771,573.4701033419971,1173.9597080120411,376,0
1476.3063942041454,3179.560302734375,1.5909788608551025,573.469746543915,1173.9603152986233,377,0
1476.327227680666,3182.748291015625,1.5918432474136353,573.4705569047976,1173.9615762606281,378,0
1476.348061155557,3182.577880859375,1.5914239883422852,573.4701441828945,1173.9600167373194,379,0
1476.3688946295165,3184.8798828125,1.592429280281067,573.4701150160349,1173.961062691468,380,0
1476.389728101846,3185.22998046875,1.5920038223266602,573.4701724811374,1173.9610004984402,381,0
1476.4105615730118,3183.69384765625,1.59210205078125,573.4696653805363,1173.9608172308233,382,0
1476.431395043013,3192.333251953125,1.593759298324585,573.4704181416246,1173.9617210331423,383,0
1476.452228511617,3186.621337890625,1.5924553871154785,573.470068619942,1173.9599982600903,384,0
1476.4730619788252,3191.955322265625,1.594061255455017,573.4705131342535,1173.9609540574759,385,0
1476.493895444868,3190.945068359375,1.594144582748413,573.4698511933066,1173.9605984792324,386,0
1476.514728909514,3196.21728515625,1.5946199893951416,573.469787111779,1173.9609709383942,387,0
1476.5355623727642,3196.6796875,1.595202088356018,573.4702971776287,1173.961950886311,388,0
1476.5563958350815,3197.26904296875,1.5956323146820068,573.4694498646687,1173.9615402155953,389,0
1476.577229295769,3199.42431640625,1.5959179401397705,573.4701054865827,1173.9618352800437,390,0
1476.5980627555268,3200.8212890625,1.595970869064331,573.4699980775046,1173.9616730733323,391,0
1476.6188962136534,3201.33837890625,1.5964218378067017,573.4696384671724,1173.9610678044355,392,0
1476.6397296708492,3202.158203125,1.5960787534713745,573.4700796505653,1173.961261964358,393,0
1476.660563126648,3204.66015625,1.5970513820648193,573.4693023267507,1173.961563400483,394,0
1476.6813965812826,3207.892578125,1.5979506969451904,573.4701111790317,1173.9624026258782,395,0
1476.7022300347526,3209.96826171875,1.5981119871139526,573.4696923987852,1173.9620708007208,396,0
1476.7230634870589,3207.717041015625,1.5975817441940308,573.4692538056531,1173.9608549279467,397,0
1476.743896938201,3211.882080078125,1.598444938659668,573.4693336202268,1173.9617232430637,398,0
1476.764730388179,3212.64306640625,1.5987496376037598,573.4690346011463,1173.961535628581,399,0
1476.7855638369929,3212.524169921875,1.5997753143310547,573.4698033757497,1173.9617082085122,400,0
1476.806397284875,3214.1875,1.5991780757904053,573.4691339445659,1173.9612298971722,401,0
1476.8272307318261,3213.3583984375,1.5989508628845215,573.4692485121467,1173.9618985374166,402,0
1476.848064177614,3215.113525390625,1.6001379489898682,573.4692772117012,1173.9623363451806,403,0
1476.8688976224698,3216.9599609375,1.5996578931808472,573.4688805242721,1173.9611375387162,404,0
1476.8897310663933,3210.58642578125,1.5982123613357544,573.4691135063277,1173.9620472588929,405,0
1476.910564509619,3212.80810546875,1.5993342399597168,573.468720568203,1173.9622383823385,406,0
1476.931397952147,3213.72802734375,1.5990747213363647,573.4683854436116,1173.9613765561103,407,0
1476.952231393743,3213.85888671875,1.5990290641784668,573.4688153630905,1173.9622590752665,408,0
1476.9730648348732,3256.319091796875,1.6091631650924683,573.4686879375835,1173.9629680362318,409,0
1476.9938982753056,3407.233154296875,1.6440733671188354,573.4704314039375,1173.9637307953044,410,0
1477.0147317155036,nan,0.0,nan,nan,411,0
1478.118908035488,4178.99609375,1.8128094673156738,573.4797886104758,1173.9843124677516,412,0
1478.1397416521695,4003.7822265625,1.7762151956558228,573.479094321946,1173.9824594490487,413,0
1478.1605752700145,3855.5126953125,1.7439556121826172,573.4782301588508,1173.9816516465744,414,0
1478.1814088887913,3723.099365234375,1.715130090713501,573.4774721119568,1173.980643199606,415,0
1478.2022425084995,3618.655029296875,1.6922423839569092,573.4756402066495,1173.9792991484085,416,0
1478.2230761289065,3547.7265625,1.6762712001800537,573.4744780266136,1173.9798221025267,417,0
1478.2439097500114,3499.710693359375,1.6654635667800903,573.4738925388991,1173.9801737500622,418,0
1478.2647433718155,3457.99365234375,1.6559364795684814,573.4727415397493,1173.979652221818,419,0
1478.2855769938515,3423.901611328125,1.6481159925460815,573.472426442145,1173.9814419538627,420,0
1478.3064106165866,3377.249267578125,1.6374385356903076,573.4708248998262,1173.979807962908,421,0
1478.3272442393215,3332.030029296875,1.627131700515747,573.4705587524028,1173.981257659092,422,0
1478.3480778622895,3293.043701171875,1.6180340051651,573.4692876392863,1173.981186334208,423,0
1478.3689114852564,3253.427001953125,1.6089211702346802,573.4687622996995,1173.9813791977315,424,0
1478.389745108224,3221.621826171875,1.601022481918335,573.4688296349366,1173.9816038773204,425,0
1478.4105787314234,3186.72314453125,1.5939040184020996,573.4671924388282,1173.9804337270311,426,0
1478.4314123543913,3162.674072265625,1.5870776176452637,573.467359259036,1173.9827435271943,427,0
1478.4730795996284,3123.98291015625,1.5788437128067017,573.4670146256195,1173.9817418798182,428,0
1478.4939132221305,3107.666748046875,1.5743043422698975,573.4663472956208,1173.9804345634925,429,0
1478.5147468441673,3100.82177734375,1.57227623462677,573.4660273478411,1173.9825015770455,430,0
1478.5355804657374,3097.1904296875,1.5715364217758179,573.465831331272,1173.9816842826774,431,0
1478.5564140870756,3096.786865234375,1.5716981887817383,573.4658846658492,1173.9814014439266,432,0
1478.5772477079486,3096.7607421875,1.571630597114563,573.4659103254314,1173.9807716224236,433,0
1478.5980813283545,3097.420654296875,1.5713632106781006,573.4660199664461,1173.9815599547096,434,0
1478.6189149482955,3096.223876953125,1.5714068412780762,573.4661637557341,1173.9824207410536,435,0
1478.6397485675384,3095.100341796875,1.5714749097824097,573.4657559109893,1173.9807889446297,436,0
1478.6605821865473,3096.10302734375,1.5713504552841187,573.4660156184083,1173.9805087580169,437,0
1478.681415804859,3095.071044921875,1.5714216232299805,573.4659927803871,1173.980033935951,438,0
1478.7022494224716,3097.06884765625,1.5715231895446777,573.4659177173729,1173.9804713322844,439,0
1478.7230830396184,3093.94189453125,1.5711532831192017,573.4662444094771,1173.9811502971802,440,0
1478.7439166558345,3093.9189453125,1.5714608430862427,573.465606261874,1173.9788484561923,441,0
1478.7647502718175,3092.693115234375,1.5704262256622314,573.4665748048714,1173.9824156607003,442,0
1478.7855838868686,3096.1435546875,1.5713779926300049,573.4657280226063,1173.9790059146949,443,0
1478.806417501221,3093.725830078125,1.5707119703292847,573.4665712646429,1173.9803294904214,444,0
1478.8272511148743,3092.313232421875,1.5701323747634888,573.465916976121,1173.9804882456065,445,0
1478.8480847278306,3093.806884765625,1.5711357593536377,573.4662222908938,1173.9779636311928,446,0
1478.8689183400884,3090.6474609375,1.5701134204864502,573.4662584507096,1173.9792693876561,447,0
1478.8897519514144,3089.67822265625,1.5699127912521362,573.4654687569388,1173.9795598938533,448,0
1478.9105855622756,3092.072265625,1.570286750793457,573.4668789273192,1173.980338996574,449,0
1478.9314191722046,3089.149658203125,1.5699950456619263,573.466174449586,1173.977709960052,450,0
1478.9522527812026,3092.47607421875,1.5702940225601196,573.4666152184509,1173.9792146004409,451,0
1478.9730863897344,3092.345703125,1.5704413652420044,573.4661695002341,1173.9792411000478,452,0
1478.9939199973355,3093.646240234375,1.570820689201355,573.4668367882446,1173.979214501749,453,0
1479.0147536040054,3092.58544921875,1.5704578161239624,573.4663902447496,1173.9779551054178,454,0
1479.0355872099765,3093.169677734375,1.570590615272522,573.4663998585436,1173.9788116426196,455,0
1479.0564208150165,3089.94775390625,1.5697225332260132,573.4672856993751,1173.9773567099433,456,0
1479.0772544193574,3094.115478515625,1.5708138942718506,573.4660600089304,1173.9789103591534,457,0
1479.0980880227676,3092.070556640625,1.5706241130828857,573.4674656286347,1173.9792431118503,458,0
1479.1189216252465,3092.523681640625,1.5717853307724,573.4667470581181,1173.9774595982924,459,0
1479.1397552270264,3093.17626953125,1.5713554620742798,573.4668218439341,1173.9790788814214,460,0
1479.1605888281074,3091.09619140625,1.5700500011444092,573.4670772178313,1173.9775816119889,461,0
1479.181422431285,3089.69921875,1.569657802581787,573.4666646266955,1173.977256926446,462,0
1479.2022560305045,3092.385009765625,1.5706197023391724,573.4669558574178,1173.978202148691,463,0
1479.2230896287915,3092.56787109375,1.5704268217086792,573.4667563059528,1173.9780126884025,464,0
1479.2439232263805,3093.22412109375,1.5711835622787476,573.4672435837026,1173.978413895086,465,0
1479.2647568230375,3090.808837890625,1.5699105262756348,573.4668467272351,1173.9776897769684,466,0
1479.2855904187645,3090.448974609375,1.5698579549789429,573.4671589295997,1173.9793703493128,467,0
1479.3064240135595,3092.1494140625,1.570821762084961,573.4665610913443,1173.9767014681838,468,0
1479.3272576074235,3090.917236328125,1.570104956626892,573.4670700590984,1173.9802391564024,469,0
1479.3480912005884,3090.52001953125,1.5701221227645874,573.4667034889645,1173.9758374826306,470,0
1479.3689247928226,3088.074951171875,1.5699576139450073,573.466868448713,1173.978603299297,471,0
1479.3897583841253,3092.111083984375,1.5708484649658203,573.4670093836011,1173.9768250612876,472,0
1479.4105919747294,3090.281005859375,1.5697665214538574,573.4670344236999,1173.9763084945075,473,0
1479.4314255641696,3092.565673828125,1.570478916168213,573.4670557084313,1173.977910360887,474,0
1479.4522591529114,3090.20849609375,1.5698256492614746,573.4671618449908,1173.9765486853084,475,0
1479.4730927407215,3093.6298828125,1.5712862014770508,573.4674471262615,1173.9773569373117,476,0
1479.4939263276005,3091.13671875,1.5700103044509888,573.4666728528422,1173.976656763652,477,0
1479.5147599135485,3091.4345703125,1.5703647136688232,573.467456358989,1173.977324954614,478,0
1479.5355934987974,3092.496826171875,1.57048499584198,573.4668684055813,1173.9771201019953,479,0
1479.5564270828825,3091.673828125,1.5705063343048096,573.46743143639,1173.9766212170005,480,0
1479.5772606662695,3090.579345703125,1.5704694986343384,573.4669127344288,1173.9779057419405,481,0
1479.5980942487245,3090.1669921875,1.5697901248931885,573.4665132416615,1173.9759913706878,482,0
1479.6189278302486,3093.353515625,1.5706546306610107,573.4675876627497,1173.9762683049028,483,0
1479.639761410841,3088.822509765625,1.5699644088745117,573.4668625067847,1173.976334851745,484,0
1479.6605949907344,3092.9541015625,1.5706722736358643,573.4673773299476,1173.977813845339,485,0
1479.6814285696964,3090.28515625,1.5699747800827026,573.4671794377826,1173.9757559819993,486,0
1479.7022621474955,3089.2041015625,1.5700645446777344,573.4671496963657,1173.9767127538255,487,0
1479.7230957245956,3093.5,1.5706570148468018,573.4667058401815,1173.9769176127395,488,0
1479.743929300764,3090.566162109375,1.5703203678131104,573.4674820812675,1173.9773123820844,489,0
1479.7647628762345,3089.493896484375,1.569682240486145,573.4671606207467,1173.9761932786796,490,0
1479.7855964505407,3093.73876953125,1.5706943273544312,573.4675997383671,1173.9760987137422,491,0
1479.806430024149,3090.759033203125,1.5703202486038208,573.4673931430236,1173.9773515454374,492,0
1479.8272635968256,3090.9716796875,1.5704082250595093,573.4672029391136,1173.9770066157898,493,0
1479.848097168338,3090.928955078125,1.5701963901519775,573.4676035577738,1173.9767948026313,494,0
1479.8689307393845,3091.974365234375,1.5703010559082031,573.4664981329641,1173.9759340055257,495,0
1479.8897643092664,3093.97998046875,1.5710939168930054,573.4676224549911,1173.9781348916456,496,0
1479.910597878218,3093.544921875,1.570864200592041,573.4669718380164,1173.9765365799185,497,0
1479.9314314464705,3092.8427734375,1.5705630779266357,573.4680237473362,1173.9773421858083,498,0
1479.9522650137915,3092.701171875,1.5705770254135132,573.4670026134964,1173.976654402013,499,0
1479.9730985801816,3094.876708984375,1.570863962173462,573.4674215869142,1173.9767774461084,500,0
1479.9939321456404,3092.311279296875,1.571806788444519,573.4675626852039,1173.9772534686467,501,0
1480.0147657101675,3092.650146484375,1.5706814527511597,573.4671722388681,1173.9761938528493,502,0
1480.0355992739965,3093.0859375,1.570754885673523,573.4675927617828,1173.977026407578,503,0
1480.0564328368935,3091.86865234375,1.570382833480835,573.4669635749138,1173.975990134152,504,0
1480.077266398859,3092.25927734375,1.5703575611114502,573.4680356455691,1173.9767588257093,505,0
1480.0980999598935,3093.24609375,1.5708147287368774,573.4668131808243,1173.976415133431,506,0
1480.1189335199965,3093.29296875,1.571403980255127,573.4678467731344,1173.9767735969203,507,0
1480.1397670794015,3093.724365234375,1.5706933736801147,573.4672732649694,1173.9760725112542,508,0
1480.1606006378756,3092.28662109375,1.5711103677749634,573.4674341205113,1173.9765906277007,509,0
1480.1814341954175,3093.316650390625,1.5708813667297363,573.4675659173377,1173.976143675428,510,0
1480.2022677520285,3091.932373046875,1.5707460641860962,573.467275271417,1173.9765531240537,511,0
1480.2231013077085,3096.37109375,1.5712785720825195,573.46769767383,1173.9772346735751,512,0
1480.2439348626895,3093.098876953125,1.571337342262268,573.4672470326575,1173.9764777474868,513,0
1480.2647684167396,3091.490234375,1.5701969861984253,573.4679574091524,1173.9765761868043,514,0
1480.2856019698584,3091.962646484375,1.570369839668274,573.4667827842301,1173.975798695727,515,0
1480.3064355220454,3096.677978515625,1.5713642835617065,573.4678227707947,1173.9773656844498,516,0
1480.3272690735344,3095.620361328125,1.5714248418807983,573.4671943910803,1173.9762099613704,517,0
1480.3481026240916,3097.634765625,1.5720363855361938,573.4677585937702,1173.9771023790204,518,0
1480.3689361737174,3095.047119140625,1.5713818073272705,573.4676690754578,1173.9763350680068,519,0
1480.3897697224124,3094.005126953125,1.5708675384521484,573.4673580816607,1173.976540711013,520,0
1480.4106032704085,3095.29296875,1.5713104009628296,573.467279803239,1173.9764987987367,521,0
1480.4314368172404,3098.49658203125,1.571854829788208,573.4673772491731,1173.976476136439,522,0
1480.4522703636076,3097.95849609375,1.5718798637390137,573.4675610446427,1173.9759879296928,523,0
1480.4731039088097,3098.7109375,1.5719292163848877,573.4670930925158,1173.9760879413693,524,0
1480.49393745308,3096.44091796875,1.5715253353118896,573.4675855939539,1173.9767896503688,525,0
1480.5147709966514,3097.51025390625,1.572088599205017,573.4676672674989,1173.9764119557337,526,0
1480.535604539293,3097.143310546875,1.5720208883285522,573.4676766404178,1173.9769395334142,527,0
1480.5564380812355,3096.521484375,1.571517825126648,573.4667449503885,1173.9756778511705,528,0
1480.5772716222475,3096.33056640625,1.5715489387512207,573.468160455649,1173.9771312419327,529,0
1480.5981051620945,3095.6015625,1.5710943937301636,573.4674588200212,1173.9761045393918,530,0
1480.6189387014756,3097.63671875,1.5720640420913696,573.4673456228444,1173.9765534658163,531,0
1480.6397722396935,3098.411376953125,1.5717977285385132,573.4674236391618,1173.9761999222605,532,0
1480.6606057772124,3095.08740234375,1.571747064590454,573.4679631765088,1173.9772342338122,533,0
1480.6814393138006,3100.3916015625,1.5722274780273438,573.4681310143534,1173.9762082036796,534,0
1480.7022728496904,3097.785400390625,1.571797490119934,573.4683667330547,1173.9773678158438,535,0
1480.7231063844156,3097.20751953125,1.571603775024414,573.4677911254798,1173.9771754550352,536,0
1480.7439399184414,3098.140380859375,1.5716582536697388,573.467770898511,1173.9771319926117,537,0
1480.7647734517695,3098.406494140625,1.572177767753601,573.4677512787925,1173.9775217095512,538,0
1480.7856069839336,3099.135009765625,1.5719550848007202,573.4678550068745,1173.9764733213347,539,0
1480.8064405153987,3097.447021484375,1.5721718072891235,573.4676240545251,1173.9771133855747,540,0
1480.8272740461655,3101.982421875,1.5730130672454834,573.4674060777351,1173.9762100062019,541,0
1480.8481075757686,3097.783203125,1.5717262029647827,573.4681737901662,1173.977046229584,542,0
1480.8689411046726,3099.8466796875,1.572121262550354,573.4675794453198,1173.9757907141168,543,0
1480.8897746328785,3101.936279296875,1.5728689432144165,573.4679030435642,1173.9774956670444,544,0
1480.9106081599195,3099.715576171875,1.5721040964126587,573.4674459996054,1173.976426020375,545,0
1480.931441686262,3099.35302734375,1.5720974206924438,573.4683095148071,1173.9773640010399,546,0
1480.9522752119055,3100.993896484375,1.5724431276321411,573.4677909701802,1173.9761919612781,547,0
1480.9731087363866,3102.83544921875,1.5727919340133667,573.4679875659502,1173.977132496156,548,0
1480.9939422601685,3100.07080078125,1.5722672939300537,573.4678112662813,1173.9768643845553,549,0
1481.0147757832515,3103.173583984375,1.5731269121170044,573.4680860831185,1173.9773436720016,550,0
1481.0356093051705,3101.1396484375,1.5726925134658813,573.4677836076203,1173.9769657178545,551,0
1481.0564428263915,3100.2080078125,1.5727269649505615,573.4675881851583,1173.976363811904,552,0
1481.0772763469135,3099.474609375,1.5721235275268555,573.4680246022039,1173.9769903255876,553,0
1481.0981098665045,3102.718017578125,1.5728483200073242,573.4673894911475,1173.9765122927674,554,0
1481.1189433851646,3102.996337890625,1.57315993309021,573.4682861406247,1173.976956408219,555,0
1481.1397769028927,3102.437255859375,1.5726678371429443,573.4669360609331,1173.9767165892208,556,0
1481.1606104199225,3103.8046875,1.5732582807540894,573.4685483884289,1173.9768523762418,557,0
1481.1814439362533,3100.93896484375,1.5725688934326172,573.4675293368173,1173.9770454088455,558,0
1481.202277451421,3100.785400390625,1.5725226402282715,573.468574639726,1173.9779181232987,559,0
1481.2231109658896,3102.079833984375,1.5729219913482666,573.468209421382,1173.9757021105343,560,0
1481.2439444796596,3104.76904296875,1.5733407735824585,573.4678900823881,1173.9776545761017,561,0
1481.2647779922654,3101.115234375,1.5726393461227417,573.4686156134921,1173.9771834914322,562,0
1481.3064450153825,3104.821533203125,1.5735759735107422,573.46808666649,1173.9768063690003,563,0
1481.3272785256609,3103.5224609375,1.5727813243865967,573.4672715380268,1173.9767230197258,564,0
1481.34811203524,3104.406494140625,1.5732890367507935,573.46826169667,1173.9771019552363,565,0
1481.3689455438875,3104.605712890625,1.573659896850586,573.4673995190487,1173.9762843093579,566,0
1481.389779051604,3105.258544921875,1.5742138624191284,573.4680353658373,1173.9777387054264,567,0
1481.4106125583894,3107.33349609375,1.573828935623169,573.4671220712751,1173.9758242456298,568,0
1481.431446064476,3104.203369140625,1.57308030128479,573.4682349930794,1173.9766474814385,569,0
1481.4522795698645,3102.79296875,1.5737584829330444,573.4678047378087,1173.9761591355445,570,0
1481.4731130743216,3109.080322265625,1.5740158557891846,573.4676600063307,1173.9773463828583,571,0
1481.4939465778466,3103.951171875,1.5737217664718628,573.4676185606897,1173.976861186646,572,0
1481.514780080674,3107.677490234375,1.5749320983886719,573.4676990645883,1173.9767370251677,573,0
1481.5356135825696,3104.92333984375,1.573375940322876,573.4676388427811,1173.9761358736275,574,0
1481.5564470835345,3106.30615234375,1.5735204219818115,573.4679185172552,1173.9772985350648,575,0
1481.5772805838005,3110.1689453125,1.5744191408157349,573.4679792129867,1173.9759341050794,576,0
1481.5981140833674,3105.833984375,1.5735182762145996,573.4677707814395,1173.9773576256282,577,0
1481.6189475820045,3104.63134765625,1.573603630065918,573.4683791305359,1173.976854991165,578,0
1481.6397810797084,3107.4453125,1.5740294456481934,573.4676848367579,1173.9760388160178,579,0
1481.6606145767155,3110.72607421875,1.5746033191680908,573.468222527209,1173.9765281303648,580,0
1481.6814480727905,3107.717041015625,1.5741711854934692,573.4679305387318,1173.975970403974,581,0
1481.7022815681667,3106.3681640625,1.5737683773040771,573.4681132740329,1173.9769252953784,582,0
1481.7231150626126,3107.69287109375,1.5740089416503906,573.4678556375898,1173.975881699506,583,0
1481.7439485561265,3107.6083984375,1.574006199836731,573.4680755236722,1173.9763962647905,584,0
1481.7647820489406,3108.97607421875,1.5747579336166382,573.4680237221861,1173.9765068987338,585,0
1481.7856155410564,3108.451416015625,1.574794888496399,573.4679635624337,1173.9775673297902,586,0
1481.8064490320094,3106.89404296875,1.573933720588684,573.467585415593,1173.9759443052,587,0
1481.8272825224965,3111.3408203125,1.5752111673355103,573.4684664853847,1173.9770663404386,588,0
1481.8481160120525,3107.721923828125,1.5737745761871338,573.4674423329174,1173.976086120377,589,0
1481.868949500677,3107.04052734375,1.5742191076278687,573.4681104209992,1173.9764320346353,590,0
1481.889782988604,3109.739990234375,1.5746890306472778,573.4676189666807,1173.976321256652,591,0
1481.910616475599,3112.1357421875,1.575608730316162,573.4687539910387,1173.9774113679532,592,0
1481.9314499616626,3111.7353515625,1.5748506784439087,573.4677663716801,1173.9764450066486,593,0
1481.9522834472605,3110.478759765625,1.5754034519195557,573.4682285461481,1173.9770226037067,594,0
1481.9731169316935,3111.09326171875,1.5753222703933716,573.4677619948242,1173.9759793445644,595,0
1481.9939504154286,3109.9775390625,1.5758634805679321,573.4677849310451,1173.976664177749,596,0
1482.0147838984653,3108.855712890625,1.5740575790405273,573.4685555996986,1173.9774823123334,597,0
1482.0356173805706,3112.334716796875,1.5752229690551758,573.4676941852538,1173.976028314129,598,0
1482.0564508617445,3109.75146484375,1.5748236179351807,573.4682440399412,1173.9763286845296,599,0
1482.0772843422196,3109.32666015625,1.5744942426681519,573.4677155883077,1173.9758558393103,600,0
1482.0981178219965,3108.841796875,1.5741543769836426,573.4686386135154,1173.9772124279164,601,0
1482.1189513008426,3110.459228515625,1.574691653251648,573.4680201317207,1173.976835956856,602,0
1482.1397847787566,3111.672607421875,1.5751997232437134,573.4683142720937,1173.976644083898,603,0
1482.1606182559726,3109.4814453125,1.5742853879928589,573.467905719465,1173.976117161033,604,0
1482.181451732489,3109.143798828125,1.5743300914764404,573.468659788852,1173.977253539895,605,0
1482.2022852078414,3107.957763671875,1.5740318298339844,573.467837413331,1173.9769291142045,606,0
1482.2231186827285,3113.831787109375,1.5755020380020142,573.4681626249436,1173.9772167700112,607,0
1482.2439521566844,3107.102294921875,1.5747556686401367,573.4676444175474,1173.97516215134,608,0
1482.2647856297094,3105.091064453125,1.5733789205551147,573.4685886620802,1173.9770669435977,609,0
1482.285619102036,3106.74658203125,1.5738613605499268,573.4679960305641,1173.9764154336965,610,0
1482.3064525736636,3108.4794921875,1.5743811130523682,573.4681317216673,1173.9757795547587,611,0
1482.3272860441275,3106.38232421875,1.5738216638565063,573.467961675504,1173.976115310653,612,0
1482.3481195141255,3108.1513671875,1.5741732120513916,573.4679336159927,1173.976386161074,613,0
1482.3689529831925,3105.669921875,1.5739009380340576,573.4682662557866,1173.976338993449,614,0
1482.3897864513278,3109.052734375,1.5761417150497437,573.4676671596774,1173.9758809212324,615,0
1482.4106199187654,3107.430908203125,1.573997974395752,573.4686292945252,1173.9770801066968,616,0
1482.4314533852717,3107.923583984375,1.5738890171051025,573.4679259143028,1173.9763705753824,617,0
1482.4522868510785,3108.305908203125,1.5743496417999268,573.4685972430376,1173.97739099758,618,0
1482.4731203161875,3110.4404296875,1.5751891136169434,573.4676330283813,1173.975745316225,619,0
1482.4939537803643,3112.22802734375,1.5756149291992188,573.4686113915105,1173.976738003666,620,0
1482.5147872436105,3109.6298828125,1.5746355056762695,573.468123059008,1173.9756374889653,621,0
1482.5356207061575,3113.59326171875,1.575588583946228,573.4683731214045,1173.9776723972457,622,0
1482.5564541680064,3116.1025390625,1.5761736631393433,573.4681872551819,1173.9771244686826,623,0
1482.5772876289245,3112.280029296875,1.5756572484970093,573.4686844867534,1173.9764306455518,624,0
1482.59812108891,3113.5,1.5753400325775146,573.4685284424809,1173.9763686420715,625,0
1482.6189545481975,3112.58447265625,1.5752819776535034,573.4684837713836,1173.9770312850758,626,0
1482.6397880067866,3113.675537109375,1.5755741596221924,573.4680630060575,1173.976151144205,627,0
1482.6606214644444,3112.583984375,1.5758543014526367,573.4687988464167,1173.9773593917364,628,0
1482.6814549214037,3112.163330078125,1.5752465724945068,573.4681831524981,1173.976605777749,629,0
1482.7022883774325,3113.75439453125,1.5755404233932495,573.4687435755137,1173.9767977545446,630,0
1482.7231218327615,3112.485107421875,1.575393557548523,573.467799325094,1173.9760044405175,631,0
1482.7439552871606,3114.72509765625,1.5759389400482178,573.4686483131177,1173.97723358223,632,0
1482.7647887406274,3114.74169921875,1.575478196144104,573.4679518379161,1173.9767941748155,633,0
1482.7856221936286,3113.517578125,1.575506329536438,573.4684173323418,1173.9772226845546,634,0
1482.8064556456984,3114.344482421875,1.5757328271865845,573.4683829942018,1173.9759531131738,635,0
1482.8272890968378,3112.37939453125,1.5749493837356567,573.4682793443301,1173.9766142262351,636,0
1482.848122547279,3116.51220703125,1.576281189918518,573.4689487380333,1173.9763886721544,637,0
1482.868955996788,3111.61279296875,1.574864387512207,573.4685212907387,1173.976489458827,638,0
1482.8897894455986,3111.378662109375,1.5751280784606934,573.4684379538091,1173.97551929869,639,0
1482.9106228934775,3114.186767578125,1.575705885887146,573.4687519427575,1173.976555576017,640,0
1482.9314563406585,3115.280517578125,1.5757580995559692,573.4685812353563,1173.976498986418,641,0
1482.9522897871404,3113.3115234375,1.5752513408660889,573.4685821064005,1173.9759254321084,642,0
1482.9731232326915,3111.084716796875,1.5747379064559937,573.4684725904091,1173.9765454618507,643,0
1482.9939566773105,3114.3134765625,1.5757383108139038,573.4682827380476,1173.9764011155962,644,0
1483.0147901214646,3113.151611328125,1.5752519369125366,573.4684984726074,1173.9766480042417,645,0
1483.0356235644535,3113.012939453125,1.57557213306427,573.4680853925538,1173.9759847460975,646,0
1483.0564570067436,3115.956787109375,1.5763182640075684,573.4681814773518,1173.9766915336795,647,0
1483.0772904483365,3113.47509765625,1.575213074684143,573.467636739055,1173.9768436528498,648,0
1483.0981238889976,3114.29443359375,1.5755727291107178,573.4687817346927,1173.9769828082924,649,0
1483.1189573289605,3110.30859375,1.5743334293365479,573.4680098896971,1173.9757618708077,650,0
1483.1397907682253,3115.7841796875,1.5759748220443726,573.4689165752251,1173.9770346174014,651,0
1483.1606242063253,3109.437255859375,1.574465274810791,573.4683170111622,1173.9762366076213,652,0
1483.18145764396,3113.5654296875,1.5754693746566772,573.4688247069512,1173.977106534112,653,0
1483.2022910806636,3110.607421875,1.5747878551483154,573.4680240981746,1173.9762520712582,654,0
1483.2231245164355,3115.25732421875,1.576325535774231,573.4687048641648,1173.9768820472639,655,0
1483.243957951509,3112.84375,1.5759087800979614,573.4678270248611,1173.976551725666,656,0
1483.2647913858846,3114.64599609375,1.5754759311676025,573.4685947639797,1173.9772567154141,657,0
1483.2856248193284,3117.12841796875,1.5764586925506592,573.4677550083578,1173.9769258334156,658,0
1483.3064582520735,3112.5712890625,1.5753058195114136,573.4687086931367,1173.9770394726934,659,0
1483.3272916838876,3111.1923828125,1.574854850769043,573.4680544070347,1173.9760852521501,660,0
1483.3481251150024,3113.751220703125,1.5754579305648804,573.4683594462097,1173.9770831038288,661,0
1483.3689585451866,3112.274169921875,1.5755345821380615,573.4681369934204,1173.97664029299,662,0
1483.3897919746726,3111.508056640625,1.5750764608383179,573.4686422913238,1173.9769178740212,663,0
1483.4106254032265,3110.91845703125,1.57466721534729,573.4680764326157,1173.976116489993,664,0
1483.431458831082,3111.4892578125,1.575124979019165,573.4678857949133,1173.976531141278,665,0
1483.4522922582385,3114.19970703125,1.5757241249084473,573.4683398961191,1173.9768495700218,666,0
1483.4731256844634,3111.1533203125,1.5748863220214844,573.4679735125577,1173.9763868167734,667,0
1483.4939591097586,3112.112060546875,1.5750764608383179,573.4684772123878,1173.9766486076837,668,0
1483.5147925343545,3108.929931640625,1.5741428136825562,573.468593867511,1173.9767088697604,669,0
1483.5356259582516,3111.820068359375,1.5752973556518555,573.4684661441242,1173.9762072008389,670,0
1483.5564593812185,3109.935791015625,1.574967384338379,573.4680924577281,1173.9759574710026,671,0
1483.5772928034855,3113.38671875,1.5750640630722046,573.4681895970901,1173.977166012334,672,0
1483.5981262248224,3111.776611328125,1.5750426054000854,573.467962225627,1173.9769310167703,673,0
1483.6189596454606,3111.798095703125,1.5757567882537842,573.4687952227869,1173.976959479206,674,0
1483.6397930653995,3113.734619140625,1.576315999031067,573.4680689339704,1173.976127309958,675,0
1483.6606264841755,3111.834228515625,1.5748308897018433,573.4684284622409,1173.9772608492829,676,0
1483.6814599024856,3114.576171875,1.5770180225372314,573.46830640118,1173.9762320177524,677,0
1483.7022933198646,3115.70263671875,1.5762163400650024,573.4686227708876,1173.9752972966132,678,0
1483.723126736544,3114.583740234375,1.5758486986160278,573.4683359416367,1173.9756820977893,679,0
1483.7439601522924,3113.18798828125,1.575862169265747,573.4686590360533,1173.9773659115258,680,0
1483.7647935671093,3111.6328125,1.5749047994613647,573.4675816920158,1173.9757982347617,681,0
1483.7856269812285,3115.556640625,1.576235055923462,573.4690664837179,1173.9769986862643,682,0
1483.8064603946486,3114.81298828125,1.5773930549621582,573.4681904758434,1173.9761722569212,683,0
1483.8272938071375,3113.65283203125,1.575518012046814,573.468886428,1173.9772849707713,684,0
1483.8481272189274,3114.575927734375,1.5756263732910156,573.4680644882386,1173.9762477715706,685,0
1483.868960630019,3113.19970703125,1.5751707553863525,573.4684532593624,1173.976929494938,686,0
1483.8897940401785,3111.429931640625,1.574623942375183,573.4681817536259,1173.9755330020196,687,0
1483.910627449408,3115.529296875,1.5759814977645874,573.4685315645667,1173.9769281148776,688,0
1483.9314608579384,3109.08642578125,1.5742623805999756,573.4676633286003,1173.9761311469076,689,0
1483.9522942657704,3114.566650390625,1.5755884647369385,573.4684986652703,1173.9765667053243,690,0
1483.9731276726716,3113.8525390625,1.5755552053451538,573.4677778799216,1173.9758477212463,691,0
1483.9939610786414,3112.181640625,1.5754681825637817,573.4686351441098,1173.9770393240367,692,0
1484.0147944839125,3110.15234375,1.574797511100769,573.468306466882,1173.9762560243262,693,0
1484.035627888486,3112.845703125,1.575703740119934,573.4678221725812,1173.9761418943804,694,0
1484.0564612921276,3113.885986328125,1.5753000974655151,573.4685070485446,1173.976929444069,695,0
1484.0772946950706,3112.3203125,1.5761324167251587,573.4678641694143,1173.9757876960768,696,0
1484.0981280970825,3112.255859375,1.574987530708313,573.4685521227192,1173.9766487648849,697,0
1484.1189614983955,3112.37890625,1.575451374053955,573.4682580522084,1173.9766956745775,698,0
1484.1397948990095,3113.260498046875,1.5756745338439941,573.4688018917159,1173.9764495273846,699,0
1484.1606282984594,3114.0537109375,1.5755263566970825,573.4681611404604,1173.9766113356127,700,0
1484.1814616974445,3115.812255859375,1.5768431425094604,573.4690085506866,1173.977155942154,701,0
1484.202295095498,3114.24462890625,1.5756384134292603,573.4682508455272,1173.976585017685,702,0
1484.22312849262,3113.155029296875,1.5754947662353516,573.4686081611056,1173.9770813324224,703,0
1484.2439618890435,3114.674072265625,1.5756217241287231,573.4676946108253,1173.9760019729254,704,0
1484.2647952847685,3112.031494140625,1.5751067399978638,573.4686046923949,1173.9768362746934,705,0
1484.2856286795616,3111.490966796875,1.575289249420166,573.4677712548315,1173.9758614720965,706,0
1484.3064620736563,3114.57958984375,1.576056718826294,573.4686950364489,1173.977092265788,707,0
1484.3272954668205,3115.912109375,1.5764905214309692,573.4676425312957,1173.9757654702237,708,0
1484.3481288590524,3112.4951171875,1.5753322839736938,573.4683369702826,1173.976171621912,709,0
1484.3689622508195,3113.610595703125,1.576032042503357,573.4680850790643,1173.9752117561434,710,0
1484.3897956414226,3111.706298828125,1.575479507446289,573.4689280548056,1173.9770136519817,711,0
1484.4314624205335,3115.8017578125,1.5763444900512695,573.4674001185051,1173.9765846917849,712,0
1484.4522958090415,3114.802001953125,1.575914740562439,573.4683410898958,1173.9764473286223,713,0
1484.4731291966175,3115.282470703125,1.5761014223098755,573.468042352716,1173.9765918778526,714,0
1484.4939625832615,3115.41748046875,1.576143503189087,573.4678313872618,1173.9758581196247,715,0
1484.5147959692076,3116.600830078125,1.5772695541381836,573.4678820054401,1173.9762273162783,716,0
1484.5356293542225,3117.03857421875,1.5763295888900757,573.4681039351034,1173.9761177695677,717,0
1484.5564627385395,3115.22607421875,1.5759596824645996,573.4681668626703,1173.9766755941982,718,0
1484.5772961221564,3118.0283203125,1.5765129327774048,573.4680451756277,1173.9762082600057,719,0
1484.5981295046104,3113.15869140625,1.575465440750122,573.4680467051793,1173.9761215995957,720,0
1484.6189628865986,3115.838623046875,1.576422095298767,573.4683076460483,1173.9761025584771,721,0
1484.6397962676556,3119.336669921875,1.5769461393356323,573.4672521658979,1173.9760344097815,722,0
1484.6606296480136,3115.808349609375,1.57612144947052,573.4683937935887,1173.9759400521111,723,0
1484.6814630272074,3115.458740234375,1.577373743057251,573.4674982753985,1173.9759616842643,724,0
1484.7022964059356,3117.8515625,1.5766174793243408,573.4684104733327,1173.9764830017414,725,0
1484.7231297837325,3118.67919921875,1.5767675638198853,573.4679447041711,1173.9754974710568,726,0
1484.7439631605976,3121.241455078125,1.577195167541504,573.4686770924874,1173.9764213481762,727,0
1484.764796536765,3115.816162109375,1.5758222341537476,573.4679868563732,1173.9751535528278,728,0
1484.7856299122345,3116.65673828125,1.5760339498519897,573.4686901771965,1173.9763543894458,729,0
1484.8064632867724,3114.7119140625,1.575627088546753,573.4683683823149,1173.975620088322,730,0
1484.8272966603786,3116.5224609375,1.5765316486358643,573.4685447948794,1173.977041673443,731,0
1484.848130033286,3116.0654296875,1.5760787725448608,573.4676121961664,1173.9757283989443,732,0
1484.8689634054954,3113.59765625,1.5758661031723022,573.4684301121059,1173.9767697307425,733,0
1484.889796776773,3115.456298828125,1.5757851600646973,573.4682028921294,1173.9755724788101,734,0
1484.9106301471195,3114.83935546875,1.5768489837646484,573.4684589707379,1173.9760294643945,735,0
1484.9314635167675,3114.49755859375,1.5755043029785156,573.4680102433318,1173.9756815130727,736,0
1484.9522968857175,3116.6572265625,1.5760598182678223,573.4683838956627,1173.9757968010379,737,0
1484.9731302537355,3114.7734375,1.57566499710083,573.4678499843864,1173.975290769904,738,0
1484.9939636208223,3115.8642578125,1.576565146446228,573.4682313156901,1173.97572740974,739,0
1485.0147969872105,3114.093505859375,1.5755727291107178,573.4683312607352,1173.9759252056024,740,0
1485.0356303526673,3116.437255859375,1.5762215852737427,573.4681421699474,1173.9759059530854,741,0
1485.0564637174266,3117.091064453125,1.5762102603912354,573.4683936415639,1173.9761832289612,742,0
1485.0772970814864,3114.646484375,1.5760524272918701,573.467931350211,1173.9767570851145,743,0
1485.0981304443826,3113.5791015625,1.5758919715881348,573.4679651393923,1173.9753810704276,744,0
1485.118963806813,3116.53955078125,1.576513648033142,573.4683123943527,1173.9762381098014,745,0
1485.139797168079,3112.963623046875,1.5756860971450806,573.4678381553827,1173.9763660702054,746,0
1485.160630528879,3116.7431640625,1.576951265335083,573.4677179371589,1173.9755287016162,747,0
1485.1814638885155,3114.58740234375,1.5756100416183472,573.4680760012856,1173.9753859539794,748,0
1485.202297247686,3114.4990234375,1.577492117881775,573.4681641936169,1173.9757967260766,749,0
1485.2231306056924,3112.83447265625,1.5753792524337769,573.4683956860968,1173.975418729711,750,0
1485.2439639630006,3112.13134765625,1.5757418870925903,573.468027959276,1173.9755317306658,751,0
1485.2647973196094,3114.20849609375,1.5754166841506958,573.4682949667281,1173.9762925847524,752,0
1485.2856306752885,3113.681640625,1.5753247737884521,573.4677375733517,1173.9754474408874,753,0
1485.306464030035,3112.1845703125,1.5757697820663452,573.4686029908747,1173.9761575262396,754,0
1485.3272973840835,3113.1416015625,1.5753560066223145,573.4681237858223,1173.9761903431522,755,0
1485.3481307374336,3112.455810546875,1.5751217603683472,573.4683261379134,1173.975488609786,756,0
1485.3689640896187,3110.76171875,1.5747413635253906,573.4678305078294,1173.9751747022372,757,0
1485.389797441339,3111.4140625,1.5747654438018799,573.4684192848722,1173.9759327406368,758,0
1485.4106307918946,3114.70556640625,1.5762135982513428,573.4678878385625,1173.975501523221,759,0
1485.4314641419855,3114.215087890625,1.5753458738327026,573.4676729846952,1173.9755466718148,760,0
1485.4522974909119,3110.449462890625,1.5748493671417236,573.467797334244,1173.9753763931762,761,0
1485.4731308391406,3106.651123046875,1.574519395828247,573.4678887295505,1173.9764485404653,762,0
1485.4939641866695,3108.52978515625,1.574304223060608,573.4675074403862,1173.974728997471,763,0
1485.5147975332675,3108.81591796875,1.5741147994995117,573.4678626162367,1173.9761294037637,764,0
1485.5356308789335,3108.04833984375,1.5743550062179565,573.4677141613342,1173.974926861068,765,0
1485.556464223901,3109.1796875,1.5740811824798584,573.4682446781362,1173.9763484279792,766,0
1485.5772975679365,3105.741455078125,1.573643684387207,573.4668565563071,1173.9749786712912,767,0
1485.5981309110425,3107.08056640625,1.574463963508606,573.4682773139288,1173.9761189003946,768,0
1485.6189642534484,3104.57177734375,1.5732775926589966,573.4671635993761,1173.9754504268765,769,0
1485.6397975951575,3107.04931640625,1.573742151260376,573.4680148739549,1173.9749897732868,770,0
1485.6606309359345,3106.19482421875,1.5735114812850952,573.4674136428323,1173.97533060077,771,0
1485.68146427578,3107.571044921875,1.5740514993667603,573.4676797511528,1173.9754415367868,772,0
1485.7022976146945,3107.29345703125,1.5745112895965576,573.4673221882048,1173.975675132002,773,0
1485.7231309529107,3102.09130859375,1.5732718706130981,573.4680109444502,1173.9752807219738,774,0
1485.7439642904274,3106.3310546875,1.5735433101654053,573.4673642703929,1173.9753694473359,775,0
1485.7647976270136,3106.21435546875,1.5738310813903809,573.4682116809377,1173.9745929908024,776,0
1485.785630962669,3103.916748046875,1.5732688903808594,573.4677424578463,1173.9756864928486,777,0
1485.8064642976265,3104.132568359375,1.5731779336929321,573.4678350795118,1173.975684585042,778,0
1485.827297631651,3104.99609375,1.5735849142074585,573.467230851724,1173.9755560869955,779,0
1485.8481309647445,3102.11572265625,1.572707176208496,573.4675706852037,1173.9749561161398,780,0
1485.8689642971394,3104.442138671875,1.5733373165130615,573.4675141723345,1173.9749297723815,781,0
1485.8897976286034,3106.11767578125,1.5737732648849487,573.4675229224899,1173.9744043363423,782,0
1485.910630959136,3100.940673828125,1.5724598169326782,573.4679554870612,1173.975630278284,783,0
1485.9314642889694,3100.892822265625,1.5726133584976196,573.4675993879976,1173.9745445175229,784,0
1485.9522976181056,3103.8408203125,1.5731028318405151,573.4676283329972,1173.9753987487309,785,0
1485.973130946076,3104.38427734375,1.5735013484954834,573.4674247091634,1173.9749475504732,786,0
1485.9939642733484,3100.71728515625,1.572305679321289,573.467307762868,1173.9751575878124,787,0
1486.0147975996895,3101.49755859375,1.5725641250610352,573.4673661696631,1173.9746506027284,788,0
1486.0356309253325,3100.1357421875,1.5730363130569458,573.4672140289504,1173.97505576794,789,0
1486.0564642500444,3102.13134765625,1.5738778114318848,573.4675473268048,1173.9738031555926,790,0
1486.0772975740574,3100.806396484375,1.5724356174468994,573.4671913386788,1173.9755747780296,791,0
1486.0981308969065,3102.67041015625,1.5727174282073975,573.467768342039,1173.9744076383924,792,0
1486.118964219058,3099.03125,1.5725092887878418,573.4674705691011,1173.9740311224557,793,0
1486.1397975405105,3101.43212890625,1.572702169418335,573.4675259984165,1173.9749884992018,794,0
1486.1606308607984,3099.058837890625,1.5726293325424194,573.467527865102,1173.9751956770835,795,0
1486.1814641803885,3098.73828125,1.5721207857131958,573.4672839295101,1173.9746695117217,796,0
1486.202297499279,3100.57470703125,1.5721776485443115,573.4674682581527,1173.9752669675024,797,0
1486.2231308172386,3097.41162109375,1.5714982748031616,573.4672614041557,1173.9748372014403,798,0
1486.2439641342667,3098.05859375,1.5718328952789307,573.4675083087411,1173.97470971023,799,0
1486.2647974503634,3099.88037109375,1.5729660987854004,573.4670446759144,1173.97421586487,800,0
1486.2856307655295,3100.795654296875,1.5724148750305176,573.4672052299769,1173.9757813723465,801,0
1486.3064640799967,3097.783203125,1.571672797203064,573.4668379566726,1173.9742060638278,802,0
1486.3272973937655,3099.14501953125,1.572150468826294,573.4675997164194,1173.9750571387585,803,0
1486.3481307063694,3097.32861328125,1.5716408491134644,573.4668943349777,1173.97479526326,804,0
1486.3689640182756,3095.966064453125,1.5715206861495972,573.4673092238144,1173.9750811583274,805,0
1486.3897973292505,3094.491455078125,1.5709611177444458,573.4667022076543,1173.973933932106,806,0
1486.4106306392935,3094.3017578125,1.5713579654693604,573.4675990156427,1173.9753964334013,807,0
1486.4314639486374,3097.0712890625,1.5715479850769043,573.467227191153,1173.974325128705,808,0
1486.4522972570521,3092.79150390625,1.570650339126587,573.466967768739,1173.9750747726134,809,0
1486.4731305645346,3092.58056640625,1.5716545581817627,573.4671327683839,1173.9740210847535,810,0
1486.4939638710855,3094.36181640625,1.5710424184799194,573.4672862299327,1173.9754290325004,811,0
1486.514797176938,3094.93115234375,1.5711177587509155,573.4666316631955,1173.9746983336854,812,0
1486.5356304818595,3091.950927734375,1.5707045793533325,573.4677811378792,1173.9748974624686,813,0
1486.5564637858483,3093.63720703125,1.5715183019638062,573.4670928659173,1173.9745181090093,814,0
1486.5772970889075,3091.840576171875,1.5707231760025024,573.467544560133,1173.9749073548312,815,0
1486.5981303912677,3093.9931640625,1.57125723361969,573.4672372065769,1173.9745152803646,816,0
1486.6189636926956,3094.203369140625,1.5712367296218872,573.4670060779446,1173.9748577623213,817,0
1486.6397969931936,3090.8271484375,1.5715161561965942,573.4664880381781,1173.9747819278125,818,0
1486.6606302927594,3088.875732421875,1.570328712463379,573.4674460768564,1173.974419935212,819,0
1486.6814635916267,3090.744873046875,1.5699914693832397,573.4668902167517,1173.9742841077243,820,0
1486.70229688933,3091.331298828125,1.5707244873046875,573.4671869907289,1173.975453288015,821,0
1486.7231301863344,3090.156005859375,1.570080280303955,573.4663681072369,1173.9742171085902,822,0
1486.7439634824086,3091.6181640625,1.5704371929168701,573.4668582193791,1173.97501862276,823,0
1486.7647967777834,3092.7880859375,1.5705735683441162,573.4667707900816,1173.974285950256,824,0
1486.785630071995,3092.3916015625,1.5705305337905884,573.4670548309722,1173.9748708318582,825,0
1486.8064633655085,3090.863037109375,1.5702937841415405,573.4667869618706,1173.9747359041246,826,0
1486.8272966580885,3088.883544921875,1.5697964429855347,573.467719997847,1173.9748633563195,827,0
1486.8481299497375,3089.665283203125,1.570120930671692,573.4665757993765,1173.9744176911609,828,0
1486.868963240456,3091.1611328125,1.5706912279129028,573.4671333733658,1173.975307086991,829,0
1486.8897965302435,3088.46337890625,1.5697864294052124,573.466755128674,1173.9740741676158,830,0
1486.9106298193315,3089.3310546875,1.56979501247406,573.4676015102064,1173.974942290519,831,0
1486.9314631072566,3087.4375,1.5701404809951782,573.4667548463784,1173.9744038775773,832,0
1486.9522963944823,3089.27490234375,1.5703452825546265,573.4670921953868,1173.9747944469866,833,0
1486.9731296807765,3086.52099609375,1.5698126554489136,573.4664621859474,1173.9748418416139,834,0
1486.9939629661405,3088.535400390625,1.5697640180587769,573.4671530082942,1173.974685284722,835,0
1487.0147962505725,3088.4052734375,1.5695397853851318,573.4666075084102,1173.9735216786291,836,0
1487.0356295340725,3089.33154296875,1.5698046684265137,573.467288756069,1173.974796301963,837,0
1487.056462816875,3086.625732421875,1.5691020488739014,573.4668651924069,1173.9742974252815,838,0
1487.077296098513,3084.23291015625,1.5687202215194702,573.466934356066,1173.9754175229546,839,0
1487.0981293792206,3084.98583984375,1.5688523054122925,573.4668305245558,1173.9737218902633,840,0
1487.1189626592295,3086.854248046875,1.5696437358856201,573.4668879814581,1173.9748045477788,841,0
1487.1397959383066,3084.788330078125,1.568839192390442,573.4662301756674,1173.9741650529988,842,0
1487.1606292164515,3083.78173828125,1.5686599016189575,573.4669799591012,1173.974318630024,843,0
1487.1814624934336,3081.551025390625,1.5679645538330078,573.4666268104354,1173.9746536176067,844,0
1487.2022957697166,3084.75439453125,1.5696290731430054,573.4670347211439,1173.974858725505,845,0
1487.2231290450675,3081.755859375,1.5680525302886963,573.4668648505665,1173.9738086051257,846,0
1487.2439623194875,3086.0380859375,1.5702141523361206,573.4670630197813,1173.9750817951979,847,0
1487.2647955929756,3084.78564453125,1.5684821605682373,573.4664684175629,1173.9735491558479,848,0
1487.2856288655335,3085.41748046875,1.5688914060592651,573.4665399707387,1173.9743224728534,849,0
1487.3064621371595,3085.41845703125,1.568708896636963,573.4662652812491,1173.973983984569,850,0
1487.3272954078545,3085.052490234375,1.5689743757247925,573.4666148321809,1173.9745758178276,851,0
1487.3481286776187,3080.540771484375,1.5687586069107056,573.4658957575729,1173.9741908317512,852,0
1487.3689619464506,3083.764892578125,1.5685527324676514,573.4667983812337,1173.9739673524898,853,0
1487.3897952143516,3083.264404296875,1.5683796405792236,573.4660612958962,1173.9742853006137,854,0
1487.4106284813215,3083.354248046875,1.5682294368743896,573.4669132245909,1173.9738478765335,855,0
1487.4314617473606,3084.621337890625,1.568800449371338,573.4663880081291,1173.9740739602626,856,0
1487.4522950124685,3082.51708984375,1.568246603012085,573.4667093233877,1173.9745252649495,857,0
1487.4731282766434,3084.989990234375,1.5689398050308228,573.4666943920835,1173.9738989874977,858,0
1487.4939615396556,3083.325439453125,1.5684211254119873,573.466215400599,1173.9743406919354,859,0
1487.5147948019685,3080.855712890625,1.5692862272262573,573.4663639529812,1173.9743370312742,860,0
1487.5564613235674,3080.16162109375,1.568314790725708,573.4660967497553,1173.9736188488707,861,0
1487.577294583087,3084.827392578125,1.5693117380142212,573.4660908279268,1173.9744220686034,862,0
1487.598127841442,3081.899658203125,1.567956805229187,573.4660666456688,1173.9733750712264,863,0
1487.6189610988654,3082.916259765625,1.568303108215332,573.4668080894072,1173.9740983458885,864,0
1487.639794355358,3080.83984375,1.5683435201644897,573.4655223185135,1173.9725743554225,865,0
1487.6606276109185,3082.94189453125,1.5689005851745605,573.466355225761,1173.9737536358475,866,0
1487.6814608655475,3079.156494140625,1.5679402351379395,573.4657516516713,1173.9735969664353,867,0
1487.7022941192454,3086.832763671875,1.5702093839645386,573.4666839137728,1173.9743335833664,868,0
1487.7231273717794,3083.546875,1.5690679550170898,573.4656470522892,1173.973395618267,869,0
1487.7439606236162,3084.372802734375,1.5694612264633179,573.4664151902654,1173.9746071999639,870,0
1487.7647938742884,3081.41943359375,1.568381667137146,573.4659824839279,1173.9727907508413,871,0
1487.7856271240285,3085.41845703125,1.5693131685256958,573.4662880105467,1173.97452967564,872,0
1487.8064603726045,3082.06201171875,1.5695922374725342,573.465657879999,1173.9735684078248,873,0
1487.8272936204826,3085.432861328125,1.5695747137069702,573.4666536054591,1173.9738691248008,874,0
1487.8481268671956,3081.054443359375,1.5683131217956543,573.4656475606694,1173.9731118342402,875,0
1487.8689601129774,3082.896240234375,1.5688363313674927,573.4665087954957,1173.9745070359293,876,0
1487.8897933578285,3083.469482421875,1.5687410831451416,573.4659354146445,1173.9734400815494,877,0
1487.9106266015156,3083.416259765625,1.568930745124817,573.4660479135129,1173.9741529531286,878,0
1487.9314598445035,3083.619140625,1.5689430236816406,573.4653958385192,1173.9736291204215,879,0
1487.9522930863275,3080.837890625,1.5685062408447266,573.4665834747326,1173.9750794964812,880,0
1487.9731263269875,3080.67236328125,1.5681989192962646,573.465689839167,1173.9727823099918,881,0
1487.9939595669484,3087.1357421875,1.5707873106002808,573.465856503266,1173.9745121514525,882,0
1488.0147928057454,3081.7099609375,1.568463921546936,573.4658756707369,1173.9740653018011,883,0
1488.0356260433784,3085.394287109375,1.5696015357971191,573.4660895509692,1173.974594182916,884,0
1488.0564592803134,3084.017578125,1.5689085721969604,573.4658035268145,1173.973299982679,885,0
1488.0772925160836,3084.343994140625,1.5694549083709717,573.466028136127,1173.9746750260201,886,0
1488.0981257506896,3081.34375,1.5686413049697876,573.4657874609862,1173.9739276045734,887,0
1488.1189589843646,3085.3486328125,1.5691447257995605,573.4664482751772,1173.9738371851495,888,0
1488.1397922171086,3081.7763671875,1.5686748027801514,573.4658478964832,1173.9734016540974,889,0
1488.1606254489207,3087.634033203125,1.5698869228363037,573.4661302105353,1173.9738510252553,890,0
1488.1814586795685,3088.483642578125,1.5700937509536743,573.4656460662322,1173.973601458496,891,0
1488.2022919090525,3085.5771484375,1.5694317817687988,573.4663359918452,1173.9744955977455,892,0
1488.2231251376056,3086.9619140625,1.5701874494552612,573.4656058696812,1173.9738138945331,893,0
1488.2439583652265,3088.072998046875,1.5706161260604858,573.4659723508581,1173.9745699514742,894,0
1488.2647915916837,3086.228271484375,1.569377064704895,573.4657274777353,1173.9738558059917,895,0
1488.2856248172095,3086.45361328125,1.569583535194397,573.4664039871021,1173.974894398595,896,0
1488.3064580415717,3086.3017578125,1.5695288181304932,573.4655779752896,1173.9736697713372,897,0
1488.327291264769,3089.7490234375,1.5706062316894531,573.466251069091,1173.9757551234977,898,0
1488.3481244870354,3088.581787109375,1.570783019065857,573.4653173277708,1173.9726152772098,899,0
1488.3689577083705,3088.46923828125,1.569931983947754,573.4658727076758,1173.975318034176,900,0
1488.3897909283091,3087.318115234375,1.5697071552276611,573.465531599589,1173.9733643097175,901,0
1488.4106241475486,3086.426025390625,1.569645881652832,573.4660906331205,1173.9746301337107,902,0
1488.4314573653915,3085.43701171875,1.5692585706710815,573.4653291178554,1173.9733034827643,903,0
1488.4522905823023,3085.705810546875,1.5692520141601562,573.4660852108279,1173.974634952814,904,0
1488.4731237982824,3085.517333984375,1.5698094367980957,573.4656527799394,1173.9731078396828,905,0
1488.4939570130975,3089.193603515625,1.5708916187286377,573.4655665537083,1173.974381995042,906,0
1488.5147902267486,3085.0576171875,1.5691877603530884,573.4652361420931,1173.9736460459137,907,0
1488.5356234392355,3088.123779296875,1.570308804512024,573.4660532431335,1173.9743735154407,908,0
1488.5564566507915,3086.103515625,1.569461703300476,573.4655943153375,1173.9739360639617,909,0
1488.5772898609505,3085.09033203125,1.5695412158966064,573.4662172586145,1173.9750848136316,910,0
1488.5981230704106,3085.412841796875,1.5691903829574585,573.4651831628653,1173.973284105027,911,0
1488.6189562784743,3088.72900390625,1.5700531005859375,573.4653120745047,1173.9743926854458,912,0
1488.6397894856063,3087.081298828125,1.569823145866394,573.4652094931586,1173.973976832954,913,0
1488.6606226913414,3087.73974609375,1.5700970888137817,573.4655115876946,1173.9742859431303,914,0
1488.6814558961455,3086.36572265625,1.5696799755096436,573.4653150088983,1173.9738114268005,915,0
1488.7022890997855,3087.196044921875,1.569671392440796,573.46558866815,1173.974774814939,916,0
1488.723122302495,3087.32080078125,1.5701112747192383,573.4657895637921,1173.9736518325726,917,0
1488.7439555038065,3088.693115234375,1.570210576057434,573.4657528024619,1173.9742690605312,918,0
1488.764788704187,3088.828369140625,1.5704317092895508,573.4648221452514,1173.9740600695977,919,0
1488.7856219031705,3088.169921875,1.569962739944458,573.4659370230903,1173.9740525030784,920,0
1488.806455101222,3085.0615234375,1.5696682929992676,573.4650219441246,1173.973649818477,921,0
1488.8272882978765,3089.182373046875,1.5701671838760376,573.4652882597895,1173.9740767935393,922,0
1488.8481214936005,3090.779296875,1.5717895030975342,573.4656070376764,1173.9739594984358,923,0
1488.8689546881596,3087.4892578125,1.5699056386947632,573.4655748857616,1173.9745738910876,924,0
1488.8897878813225,3088.66015625,1.5702592134475708,573.465202002948,1173.9746450362782,925,0
1488.9106210735536,3086.9736328125,1.5695865154266357,573.465848422808,1173.9742679158992,926,0
1488.9314542643865,3091.4453125,1.5707228183746338,573.4653707366441,1173.973299336785,927,0
1488.9522874542886,3087.624267578125,1.5703126192092896,573.4657245398856,1173.97413764304,928,0
1488.9731206427946,3087.160888671875,1.5699126720428467,573.4655996542826,1173.9747220168492,929,0
1488.993953830136,3089.519775390625,1.5707629919052124,573.4654820989844,1173.9741646425791,930,0
1489.0147870163134,3088.7919921875,1.5700116157531738,573.465172267077,1173.9748934569384,931,0
1489.0356202013265,3089.787841796875,1.5703983306884766,573.4654811330736,1173.9744336496765,932,0
1489.056453384944,3090.3974609375,1.5703243017196655,573.4653118321559,1173.9746380093231,933,0
1489.0772865676295,3090.318603515625,1.570261001586914,573.4657403215925,1173.9754929413898,934,0
1489.0981197489175,3092.0126953125,1.5706700086593628,573.4652125120135,1173.9751823131583,935,0
1489.1189529288085,3090.606201171875,1.5710848569869995,573.4648984570258,1173.9742931342873,936,0
1489.1397861077685,3088.08642578125,1.5699007511138916,573.4653844391745,1173.9758330176248,937,0
1489.160619285331,3090.438232421875,1.5705552101135254,573.46552826238,1173.9745961092347,938,0
1489.1814524617294,3089.7109375,1.5716546773910522,573.4656689672028,1173.9754667571835,939,0
1489.2022856367316,3091.292236328125,1.5707064867019653,573.4648560768723,1173.9752814203014,940,0
1489.2231188105684,3089.85791015625,1.5700994729995728,573.4653175973119,1173.9755623255678,941,0
1489.243951983242,3086.51708984375,1.5698548555374146,573.4646828890682,1173.9745134003313,942,0
1489.2647851545184,3086.108154296875,1.5695981979370117,573.4654231739875,1173.9749119985374,943,0
1489.2856183243975,3088.749267578125,1.5701984167099,573.4645541617657,1173.9742447091523,944,0
1489.3064514931125,3089.475830078125,1.5703508853912354,573.4649907151555,1173.9750691710842,945,0
1489.3272846606635,3089.180419921875,1.5700358152389526,573.4650199477875,1173.9746043674988,946,0
1489.348117826817,3088.960693359375,1.5704108476638794,573.4648412378127,1173.9758578680396,947,0
1489.3689509915735,3092.063720703125,1.5706276893615723,573.4646210454199,1173.9751565483964,948,0
1489.389784155167,3090.149658203125,1.5705968141555786,573.4653114502808,1173.9754442571386,949,0
1489.4106173173636,3090.5537109375,1.5709547996520996,573.4645886319736,1173.9742885207793,950,0
1489.4314504783956,3090.68115234375,1.5709037780761719,573.464930757151,1173.9750359317125,951,0
1489.4522836377973,3087.566162109375,1.5698753595352173,573.4646033331618,1173.9753125249324,952,0
1489.473116796268,3084.724609375,1.5691341161727905,573.4649664520042,1173.9755506950833,953,0
1489.4939499531085,3086.898681640625,1.5697914361953735,573.4640497753983,1173.9751606540747,954,0
1489.5147831087857,3089.951904296875,1.5703442096710205,573.464032034909,1173.9743885979656,955,0
1489.5356162628325,3087.96533203125,1.5701899528503418,573.4648448377197,1173.9760241806293,956,0
1489.5564494159476,3089.490478515625,1.5703243017196655,573.4644632252123,1173.9752919561836,957,0
1489.5772825674335,3088.060302734375,1.5701007843017578,573.4646125746569,1173.9754961875515,958,0
1489.5981157175224,3088.709228515625,1.570877194404602,573.4640860941909,1173.9751349420887,959,0
1489.6189488664465,3089.6640625,1.5704056024551392,573.4644537640621,1173.9757530048366,960,0
1489.6397820139746,3091.370849609375,1.571018099784851,573.4638132781246,1173.9749427925753,961,0
1489.6606151598726,3091.175048828125,1.5704973936080933,573.4645323881864,1173.9758301732827,962,0
1489.6814483046055,3088.6875,1.5710448026657104,573.4644702497711,1173.975258312134,963,0
1489.7022814481757,3088.797119140625,1.5702484846115112,573.4643307293645,1173.976417294243,964,0
1489.7231145901155,3091.797607421875,1.570905327796936,573.4639458392421,1173.9752638146879,965,0
1489.7439477306584,3091.947509765625,1.5708740949630737,573.4644372091947,1173.9767517446442,966,0
1489.764780870037,3089.954345703125,1.570715308189392,573.4637729563725,1173.9765309344568,967,0
1489.7856140077845,3088.505859375,1.570756435394287,573.4645059353292,1173.9766074042807,968,0
1489.8064471443695,3089.419677734375,1.5702048540115356,573.4637076552779,1173.9751033209125,969,0
1489.8272802795564,3089.269775390625,1.5718131065368652,573.4645184464181,1173.9765275810953,970,0
1489.8481134133476,3090.05078125,1.570719599723816,573.4633843473509,1173.9759818064497,971,0
1489.868946545741,3090.638427734375,1.57101309299469,573.4640483089249,1173.977145159806,972,0
1489.8897796767374,3089.044677734375,1.5702259540557861,573.4635965630176,1173.9761869417557,973,0
1489.9106128065705,3094.5009765625,1.5716100931167603,573.4635706227718,1173.9774220584554,974,0
1489.9314459347725,3093.00439453125,1.5711243152618408,573.4631259577553,1173.9760962750966,975,0
1489.952279062044,3090.5908203125,1.5706350803375244,573.4637597499341,1173.97618679823,976,0
1489.9731121876855,3091.857421875,1.5709834098815918,573.463123057129,1173.9758319443838,977,0
1489.9939453121624,3091.748291015625,1.5706216096878052,573.4634074023273,1173.976612708933,978,0
1490.0147784354765,3092.873291015625,1.5710504055023193,573.4630725531517,1173.9755862989582,979,0
1490.0356115573925,3093.34619140625,1.5710865259170532,573.4626969243776,1173.9763112921305,980,0
