time,flux,flux_err
131.5120633522456,1.0023584,0.000502146
131.53249777646124,1.0027753,0.00050206785
131.55293210056698,1.0018084,0.0005016903
131.57336632466468,1.0032423,0.0005023365
131.5938006487704,1.0020605,0.00050235796
131.6142350727605,1.0027404,0.0005023705
131.63466929686547,1.0031055,0.00050251913
131.6551036207311,1.0023866,0.00050216704
131.67553804472118,1.0023539,0.00050206867
131.6959723685868,1.0036402,0.00050196284
131.71640659245895,1.003552,0.00050196215
131.73684091621544,1.0023367,0.0005019023
131.75727534008183,1.0025002,0.0005015575
131.77770956372115,1.0022037,0.0005015855
131.79814388747764,1.0031893,0.0005014367
131.8185783111112,1.0027909,0.000501261
131.8390125347505,1.0026511,0.0005011653
131.85944685839058,1.0034168,0.00050104415
131.87988118190697,1.0030318,0.0005016294
131.90031550543063,1.0023831,0.0005011205
131.92074982883787,1.0026375,0.00050132175
131.94118415223784,1.0026515,0.00050137617
131.96161847564508,1.003782,0.00050166796
131.98205279905233,1.0018958,0.0005011483
132.00248712233588,1.0027553,0.0005012879
132.02292134562595,1.0026147,0.0005011712
132.04335576880112,1.0030212,0.00050125003
132.06379009196826,1.0032568,0.00050130533
132.0842243151419,1.0025073,0.0005010986
132.10465863831632,1.0035884,0.0005010612
132.1250930613678,1.0020319,0.0005014386
132.14552728430863,1.0028523,0.0005013749
132.16596160736663,1.0028263,0.0005011382
132.1863960303017,1.0029587,0.00050108734
132.20683035324328,1.0031648,0.00050175405
132.22726457606768,1.0027951,0.00050124776
132.24769889889285,1.0030018,0.00050087547
132.2681333217115,1.0027196,0.0005014786
132.2885675444195,1.0030439,0.0005015479
132.30900186712097,1.0019951,0.00050139264
132.32943628983048,1.0029994,0.0005017841
132.34987051242206,1.00352,0.0005018026
132.3703048350144,1.0019454,0.00050129945
132.39073915759946,1.0022283,0.0005013702
132.41117348007538,1.0028428,0.00050187437
132.43160780254402,1.0031023,0.00050155737
132.45204212501994,1.0033367,0.00050171616
132.4724765473802,1.0024998,0.0005017967
132.49291076973896,1.0019212,0.00050152134
132.51334509197477,1.0031863,0.0005015563
132.5337793142171,1.0019475,0.00050148263
132.55421373645368,1.0014056,0.0005017799
132.57464805858035,1.0021229,0.0005014602
132.59508228082268,1.0026538,0.00050147256
132.6155167028337,1.0026026,0.00050214847
132.6359510249531,1.0014042,0.00050214666
132.65638534696336,1.0034153,0.0005022404
132.67681956885644,1.003175,0.0005018788
132.69725399074377,1.0022378,0.0005018744
132.71768831263762,1.0033455,0.0005020149
132.7381225345307,1.0026847,0.0005019917
132.75855695630162,1.0023038,0.00050238334
132.77899127807905,1.0025896,0.0005021874
132.7994254997393,1.0030122,0.0005020655
132.81985982139304,1.0018947,0.0005023897
132.8402942430548,1.0036918,0.00050233613
132.86072846459865,1.0031968,0.00050253095
132.88116278613597,1.0034094,0.00050237007
132.90159720768133,1.0032994,0.0005023079
132.92203142910876,1.0034173,0.0005022351
132.94246575052966,1.0039535,0.00050236535
132.96290007195785,1.0024034,0.00050238427
132.98333449327038,1.0033833,0.00050246174
133.0037687144577,1.0035207,0.00050242845
133.02420303576946,1.0039964,0.00050265214
133.0446373569648,1.0034158,0.0005026237
133.0650716781529,1.0030402,0.000502488
133.08550599923183,1.0027099,0.0005025018
133.10594032031076,1.0015012,0.00050270016
133.126374641266,1.0016745,0.0005027295
133.14680896222853,1.0008774,0.0005026836
133.16724328319106,1.00111,0.000502461
133.1876776041463,1.0010227,0.0005025308
133.20811202499317,1.0010047,0.0005026473
133.2285462457221,1.0014527,0.0005026533
133.24898056644452,1.0013727,0.0005026117
133.2694148871742,1.0013269,0.0005024882
133.2898492079039,1.0004354,0.00050262356
133.3102835285099,1.000875,0.0005026152
133.3307177491224,1.0002617,0.0005025607
133.35115216962004,1.000577,0.00050277874
133.37158649010962,1.0007671,0.000502592
133.39202081049007,1.0016325,0.00050263986
133.41245513098693,0.9997936,0.0005026017
133.43288945124368,1.0007527,0.0005027231
133.45332377162413,1.0008363,0.00050265435
133.4737579918874,1.0009302,0.0005025345
133.4941924121449,1.0012647,0.00050264416
133.51462673229253,1.001525,0.00050285284
133.53506095243938,1.001502,0.00050287315
133.55549537246407,1.0011292,0.0005027526
133.57592969249527,1.0005435,0.00050256617
133.5963639125257,1.0005907,0.0005029171
133.6167982324332,1.0007869,0.00050271355
133.63723265234876,1.0001974,0.00050268497
133.65766697213985,1.0016533,0.0005028488
133.67810119205387,1.001022,0.00050271506
133.6985356117366,1.0006597,0.00050270616
133.71896993153496,1.000521,0.0005026585
133.73940415120887,1.0011619,0.0005028063
133.7598384707744,1.0012832,0.0005025847
133.78027289033344,1.0007361,0.00050288235
133.8007071098982,1.0010027,0.000502809
133.82114142934734,1.0004946,0.00050269807
133.84157574879646,1.0012832,0.00050258794
133.8620100682383,1.0012151,0.00050283805
133.882444387571,1.000596,0.00050259056
133.90287870690372,1.0011548,0.00050233334
133.92331302611274,1.0003852,0.0005025036
133.94374734532903,0.999752,0.0005022258
133.9641816644289,1.0008786,0.0005023777
133.98461588363716,1.0011963,0.0005023169
134.00505030262138,1.0008065,0.0005021967
134.02548462172126,1.0012408,0.00050244125
134.0459188406967,1.0004308,0.0005024591
134.0663532595645,1.0003762,0.0005022993
134.08678757843154,1.000443,0.0005022
134.10722179729055,1.0009757,0.0005020065
134.12765611604118,1.0003304,0.000502256
134.14809053479257,1.0014337,0.0005022493
134.1685248534195,1.0004363,0.0005024492
134.18895907205297,1.0015414,0.0005024489
134.20939349068794,1.0002213,0.00050229003
134.22982780919847,1.000455,0.0005024776
134.2502620277155,1.0002395,0.0005020239
134.2706963461169,1.0011191,0.000502251
134.29113076451176,1.0009577,0.0005023138
134.3115649829124,1.0004424,0.0005023548
134.33199930119736,1.0007153,0.000502363
134.3524337194758,1.0000346,0.0005022059
134.3728679376436,1.0009731,0.0005026339
134.41373657397344,1.0001979,0.0005020127
134.43417089202558,1.0005413,0.0005023976
134.4546052099613,1.00073,0.00050232495
134.47503952788975,1.0001302,0.00050226087
134.49547394582623,1.000569,0.00050216576
134.5159081637612,1.0006632,0.0005020688
134.53634248157323,0.99995077,0.0005024187
134.55677669927536,1.000479,0.0005022013
134.57721111697902,1.0007442,0.0005021741
134.59764543467463,1.000558,0.0005025405
134.61807965226035,1.0002996,0.0005022437
134.63851396984683,1.0006288,0.00050208543
134.65894838731037,1.0011618,0.0005022166
134.67938270478044,0.99999326,0.0005022529
134.6998170222505,1.0003247,0.0005019366
134.72025133959687,0.9997871,0.000502234
134.74068565695052,1.0009463,0.00050254137
134.761119874187,1.000353,0.00050245
134.78155419141694,0.9989112,0.0005024098
134.80198860853852,0.99965835,0.0005022321
134.82242292565934,0.99997234,0.0005023978
134.8428571427794,1.0005383,0.0005024427
134.86329155977728,0.99980444,0.0005024226
134.88372587666527,1.0000559,0.0005024648
134.9041601936624,1.0002829,0.000502245
134.9245944104332,0.9999373,0.00050242705
134.94502882732195,1.0003562,0.0005027551
134.96546314408624,1.0000105,0.0005027745
134.98589736074064,1.0007186,0.0005024294
135.00633177739655,0.9996761,0.00050226826
135.02676609404443,1.0004237,0.0005023097
135.0472003105824,0.99999195,0.0005019849
135.06763462712115,1.0000234,0.0005021899
135.08806904353696,0.99959296,0.0005023512
135.10850325995852,1.0003577,0.0005022047
135.12893757626443,1.0008867,0.0005022501
135.14937199256383,0.999858,0.0005023158
135.16980630886974,1.0004336,0.00050226395
135.19024052505847,1.0003744,0.0005022156
135.21067484112427,1.0022031,0.00050251023
135.23110925731453,1.000708,0.0005022195
135.25154347327043,0.99980044,0.00050219416
135.27197778921982,1.0011165,0.00050207274
135.29241200517572,1.0004379,0.0005020218
135.31284642113314,0.9995246,0.0005017845
135.33328073696612,1.000203,0.0005019318
135.3537149526892,1.0002027,0.00050198147
135.37414936841378,1.0010275,0.0005020213
135.39458368413034,1.0006417,0.0005020264
135.41501799973776,1.0010048,0.0005018481
135.4354522153444,1.0012555,0.000502089
135.4558866308289,1.0009488,0.00050195307
135.4763209463199,1.0002252,0.00050167355
135.49675516169373,1.0007058,0.00050195743
135.5171895770618,1.0005429,0.00050200557
135.53762389231997,1.0008488,0.00050169165
135.55805810757738,1.0007236,0.0005019346
135.57849242283555,1.0005038,0.0005020196
135.5989268379708,1.0005856,0.0005022059
135.61936105299537,1.0004771,0.000502011
135.63979536801344,1.0007039,0.00050213526
135.66022978303954,1.0003983,0.00050161337
135.68066409794847,0.9999589,0.00050182274
135.70109831285663,1.0001848,0.0005019758
135.72153262764186,1.0003877,0.00050187967
135.74196704243514,1.000708,0.00050194154
135.7624012572196,1.0003583,0.0005019554
135.7828355717793,1.0001857,0.00050196715
135.80326998645614,1.0002939,0.0005020892
135.82370420101506,0.9994054,0.00050227897
135.84413851545105,1.0001363,0.0005018481
135.86457283001073,1.0004326,0.0005019666
135.8850071443303,0.9997579,0.00050181564
135.90544145865715,1.0008125,0.0005022643
135.925875772984,0.99962217,0.0005018858
135.94630998719367,1.001073,0.00050194655
135.9667444013976,1.0005778,0.0005015941
135.9871787154916,0.9996866,0.00050190825
136.00761292958487,1.0000461,0.0005013916
136.02804734355595,0.99939704,0.00050199113
136.04848165753356,1.0001088,0.0005018905
136.06891587139398,1.0011121,0.0005020807
136.0893501852479,1.0005634,0.000502197
136.10978459899343,1.0006479,0.0005021134
136.13021891273092,1.0003791,0.0005016483
136.15065312647494,1.0003337,0.00050207064
136.17108754010405,0.9997066,0.0005021294
136.191521853616,1.0002893,0.0005020758
136.2119560671199,1.0003638,0.00050199934
136.23239038063184,1.0006814,0.0005020073
136.25282479402085,1.0004455,0.00050213956
136.2732590072992,0.9996849,0.00050206017
136.2936933205783,1.0001856,0.0005025227
136.3141277338582,1.0002404,0.0005018538
136.33456194701284,0.9998558,0.0005021752
136.35499626017554,1.0001416,0.00050223334
136.37543057322182,0.9998679,0.00050201366
136.39586488626082,1.0002736,0.00050197873
136.4162991991907,0.99977314,0.0005021955
136.43673351200414,1.0002848,0.0005022117
136.4571679249275,1.0002449,0.00050259096
136.47760213762376,1.0001553,0.0005024842
136.4980364504372,0.9988517,0.0005021856
136.51847076301055,0.9999299,0.0005020295
136.5389050757076,0.9998467,0.00050201954
136.5593393881718,1.0000594,0.00050208566
136.57977370074514,0.9993902,0.0005022737
136.60020801320934,0.99947065,0.00050238194
136.62064232555713,0.9999301,0.00050251774
136.64107663789764,1.0002378,0.00050248945
136.661510950129,0.9996185,0.00050232443
136.6819452623604,1.0000923,0.0005026391
136.70237957446807,0.9998407,0.0005025674
136.72281388658303,1.0004115,0.00050257886
136.74324809869722,0.999415,0.000502471
136.76368251057283,0.9997299,0.00050260447
136.78411682257138,0.99911845,0.00050246075
136.80455103445274,1.0005122,0.0005027681
136.82498544621194,1.000984,0.00050263945
136.84541975797765,1.0001546,0.00050287566
136.86585406961967,1.0001574,0.0005027662
136.8862882812682,0.9993263,0.0005025579
136.90672269280185,0.9997108,0.0005027316
136.92715700433473,0.9999445,0.0005025654
136.94759121585957,1.0000343,0.00050261605
136.9680256272768,1.0001385,0.00050269405
136.98845993856958,0.9997483,0.0005025857
137.00889414986887,0.9991192,0.0005028045
137.0293284610525,0.99938464,0.00050261134
137.0497628722369,1.0004674,0.0005028472
137.07019708329608,1.0010195,0.0005029072
137.0906313943633,1.000308,0.0005028761
137.1110658053076,0.9996306,0.0005027109
137.13150001625763,0.9996864,0.00050267205
137.15193432720844,0.9988977,0.0005025217
137.1723686379264,1.0001215,0.000502844
137.19280304875429,0.9992063,0.0005025651
137.2132372594715,0.9992395,0.0005026903
137.23367157007306,0.99943703,0.00050265726
137.25410578066658,1.000142,0.00050228776
137.27454019115248,0.9991412,0.00050245866
137.29497450163763,0.9994698,0.00050240324
137.31540871199832,0.99980074,0.0005024064
137.3358431223678,0.9993324,0.0005025143
137.35627743262012,0.9997034,0.00050251884
137.3971459530003,0.9986903,0.0005020504
137.41758036302053,0.99959844,0.00050206087
137.43801467303274,0.9991513,0.0005020096
137.45844888305146,0.9995114,0.0005019591
137.4788832929553,0.9991057,0.0005020576
137.49931760285108,0.99953806,0.000501807
137.51975181263697,1.0001038,0.00050217065
137.5401861223072,0.99982977,0.00050184724
137.56062053197093,0.99957126,0.00050211174
137.5810547416404,0.9990903,0.00050205976
137.60148905119422,0.9998041,0.0005020096
137.6219234606251,1.0004063,0.00050199707
137.64235777006252,0.999348,0.00050153607
137.66279197938275,0.9988987,0.00050172996
137.68322628869646,0.9997156,0.00050172757
137.7036606980182,0.9989919,0.0005018482
137.7240949071056,0.9997569,0.00050164864
137.7445292163029,0.9995518,0.00050181564
137.76496362539183,0.99959886,0.00050137256
137.7853978343628,1.0000528,0.0005018616
137.80583214321086,0.9996727,0.0005024015
137.82626635206543,0.9999595,0.00050187635
137.84670076092152,1.0003467,0.0005014992
137.86713506965316,1.0000625,0.00050164
137.88756937839207,0.99966127,0.0005017008
137.9080035870138,0.9996431,0.00050180516
137.92843799551338,1.0001471,0.0005020587
137.94887230401946,0.9997303,0.0005017384
137.96930651252478,0.99925286,0.0005018866
137.98974092090793,0.999711,0.0005013826
138.0101752291812,0.99930453,0.0005019406
138.03060943745368,0.9995973,0.0005018027
138.0510437456105,0.99999887,0.0005017791
138.07147815376084,1.0002209,0.00050174474
138.09191246180126,0.99974144,0.0005013867
138.11234666983364,0.9991761,0.0005009099
138.1327810777584,0.999797,0.0005014187
138.153215385566,0.99996513,0.0005010263
138.17364959348197,0.9997354,0.000501204
138.19408390117314,0.9992415,0.00050171243
138.21451830886508,1.0006572,0.00050155056
138.23495261654898,0.9990592,0.0005012506
138.25538682400656,0.99972725,0.0005011555
138.27582123158209,0.999908,0.00050157687
138.29625553903315,0.9997808,0.00050143746
138.31668974637432,0.9996877,0.00050139765
138.33712405359984,0.99999803,0.00050125597
138.35755846093525,0.9991568,0.00050123275
138.37799276804435,0.99971247,0.00050151336
138.3984269751527,0.9996898,0.00050158484
138.41886138225527,0.99900186,0.0005008774
138.43929568924796,0.99929965,0.0005016218
138.45972989612346,0.99945784,0.00050130836
138.48016420299246,0.9996389,0.00050100836
138.50059860975307,1.0001159,0.0005016958
138.52103281651216,0.99932396,0.00050153
138.54146712314832,0.9987987,0.00050187705
138.56190142979176,1.0002098,0.0005015689
138.58233573631878,0.99956435,0.0005018399
138.6027700427221,0.999332,0.0005022115
138.62320434913272,0.9993051,0.0005019352
138.64363865554333,0.99926454,0.0005021328
138.66407296183024,0.9992603,0.0005016144
138.68450726800802,1.0000303,0.0005019844
138.70494147418503,0.9997215,0.0005015568
138.72537588023988,0.999255,0.00050149043
138.74581018630124,0.9995267,0.00050190574
138.76624439224543,1.0000463,0.00050161796
138.78667879806744,0.99977446,0.00050179346
138.80711310389597,1.0000426,0.00050205324
138.82754730960733,0.99965453,0.000502163
138.84798161531216,1.000018,0.0005020118
138.86841602090863,0.9987192,0.0005019316
138.88885032650433,0.9991229,0.0005020828
138.90928453198285,0.99909115,0.00050251477
138.92971893745562,0.999626,0.00050223916
138.9501532428185,0.9990499,0.00050212094
138.9705874480569,1.0000187,0.00050191913
138.99102175330336,0.99961543,0.0005021226
139.01145615843416,0.99863976,0.00050216774
139.03189036356343,0.9989359,0.0005016026
139.05232466856978,0.9995019,0.00050226995
139.07275907358417,0.9995957,0.0005017955
139.09319327847334,0.9994379,0.000501791
139.11362758325413,0.9990891,0.0005019607
139.13406188803492,0.9990827,0.0005020911
139.1544961926993,0.99960333,0.0005020255
139.1749304973564,0.99924624,0.0005020161
139.19536480190436,1.0001004,0.0005021148
139.21579900645156,0.9992393,0.0005016135
139.2362334108766,0.9993948,0.00050187786
139.25666771519172,0.9993253,0.000501858
139.2771019195061,0.9993773,0.00050200324
139.2975363236983,0.9992855,0.0005017729
139.317970627897,0.99941725,0.0005017043
139.33840493197204,0.9991145,0.0005018265
139.35883913593716,0.99930173,0.00050175266
139.3792735399038,0.9992977,0.0005019301
139.3997078438697,0.9995568,0.0005019098
139.4201420475947,1.0000341,0.0005016847
139.44057645144494,0.9993402,0.00050183386
139.4610107550543,0.99927425,0.00050208915
139.48144495867018,1.0000643,0.00050212716
139.50187926228682,0.999396,0.00050146907
139.5223136657878,0.99946415,0.0005019673
139.54274786916358,0.9991522,0.00050160644
139.56318217254739,1.0001312,0.0005015695
139.58361657580826,0.99979615,0.00050161005
139.60405077895848,0.9998149,0.00050137035
139.62448508210946,0.9995957,0.00050180807
139.64491938514402,0.9995531,0.0005013858
139.66535378817207,0.9998412,0.0005010929
139.68578799108946,1.0008181,0.0005012018
139.7062222940076,0.9989986,0.0005009264
139.72665659680206,0.999568,0.0005012481
139.74709089948738,0.99868673,0.00050172984
139.7675252021727,0.9993563,0.0005010733
139.78795950473432,0.99947405,0.0005012821
139.80839380730322,0.9992387,0.00050105737
139.8288281097557,0.9987713,0.0005015269
139.8492624120845,0.998924,0.0005015288
139.86969671442057,0.9997845,0.0005016257
139.89013101664023,0.9989353,0.0005017428
139.9105653188526,0.9993768,0.00050100544
139.93099962095584,0.99918383,0.0005014214
139.95143402293616,0.9995385,0.0005014324
139.97186822492222,0.9989503,0.0005011612
139.99230252679263,0.99977785,0.0005015871
140.01273672866228,0.999046,0.000501609
140.03317113040976,1.000107,0.00050205167
140.05360543204733,0.9995189,0.00050137885
140.07403973367764,0.998774,0.0005013464
140.0944740351988,0.99919516,0.0005014297
140.11490833671996,0.99915624,0.000501961
140.1353426381247,0.9989713,0.0005015949
140.155776839405,0.99942654,0.00050180644
140.1762112406941,0.9990731,0.00050104625
140.19664554185874,0.99896306,0.00050123275
140.2170797430299,0.9993295,0.00050136243
140.23751414408616,0.99944884,0.00050145155
140.25794844502525,0.9997688,0.0005015731
140.2783826459563,0.9991105,0.0005017293
140.29881694677897,0.9996521,0.0005017923
140.31925134759513,0.9995112,0.000501775
140.3396855481842,0.99872345,0.0005015389
140.3805541493639,0.9996343,0.00050182565
140.4009885498308,1.0000156,0.0005020411
140.42142275030346,0.9987351,0.00050143624
140.44185705066047,0.99949116,0.00050181855
140.46229145089455,0.99985,0.0005017917
140.4827256511344,0.99882567,0.0005015891
140.50315995125857,0.99936247,0.00050191843
140.5235941512583,1.0001016,0.00050204806
140.54402855126682,0.99977785,0.00050186453
140.56446285115817,0.99843,0.0005018464
140.58489715092583,0.99895275,0.0005015198
140.60533145070076,0.9987256,0.0005015561
140.6257657504757,0.9986664,0.0005011935
140.64620005001052,0.9982504,0.00050170964
140.66663424955186,0.9987606,0.0005018077
140.68706864909473,0.9984509,0.00050152285
140.70750294851314,0.99905026,0.00050171645
140.72793714782165,0.9993903,0.0005017753
140.74837154701527,0.9992883,0.0005017002
140.76880584620085,0.9993309,0.0005018663
140.78924004527653,0.9986411,0.00050174905
140.80967434435297,0.9988302,0.00050140463
140.83010874330648,0.99978197,0.00050189666
140.8505430422665,0.99911964,0.0005021218
140.87097724099294,0.9992725,0.00050204777
140.89141153982928,0.9994601,0.0005021725
140.91184593844082,0.9997995,0.00050226785
140.93228013705084,0.9987949,0.0005019689
140.95271443553793,0.9999097,0.00050237606
140.97314883403305,0.9995686,0.0005021869
140.99358303241024,0.9999385,0.0005023987
141.0140173306645,0.9989402,0.00050210144
141.03445162892604,1.0000465,0.0005022535
141.05488592707115,0.9993777,0.0005024269
141.075320225209,0.99907005,0.0005022835
141.0957545231213,0.9992122,0.00050222105
141.11618882115,1.0003457,0.0005025658
141.1366231189386,0.9990697,0.0005021889
141.15705741673446,0.9998772,0.00050254853
141.17749161441316,0.9999518,0.0005024521
141.1979260120861,0.99901223,0.000502322
141.21836030964914,1.0006938,0.00050255156
141.238794507095,1.0003467,0.0005024172
141.25922890453512,1.000268,0.00050226686
141.27966320186533,1.0004153,0.0005024149
141.30009739919478,1.000852,0.0005026635
141.3205316962849,1.0001509,0.00050258514
141.34096609349945,1.0014518,0.00050289073
141.3614003904804,0.9998204,0.0005026263
141.38183458745334,0.99991876,0.0005026142
141.4022688843179,0.9998479,0.0005027346
141.4227032811832,1.0001355,0.00050280103
141.44313757792406,1.000282,0.0005025261
141.46357177455502,0.9994145,0.0005026075
141.4840061711875,1.0006462,0.00050272763
141.50444046769553,0.99892056,0.00050241017
141.52487466409366,0.9993169,0.0005026036
141.54530896049255,0.99919325,0.00050264224
141.56574325676775,0.9997895,0.0005026881
141.58617765293457,0.99984384,0.0005026501
141.60661184909986,1.0000328,0.0005026621
141.627046245143,0.9993086,0.00050251186
141.64748054119264,1.0004759,0.0005028245
141.6679147370087,0.9996406,0.00050255033
141.68834903281822,1.0001297,0.00050258794
141.7087834286358,0.9995014,0.00050267664
141.72921762433543,0.9999441,0.0005024936
141.74965191991214,0.99976355,0.00050251646
141.77008631538047,1.0001856,0.0005025812
141.79052051084727,1.0007361,0.0005025964
141.81095480630756,1.0002778,0.0005023593
141.8313891015423,0.9994042,0.0005024181
141.85182339677704,1.0000631,0.00050240575
141.87225769188808,1.0004362,0.0005021749
141.8926919870064,0.9998726,0.000502412
141.91312638200907,0.99996716,0.000502238
141.93356057688652,0.9994752,0.00050230965
141.9539948716556,1.0010022,0.00050242996
141.9744290664239,1.000374,0.000501998
141.99486346118647,1.000085,0.0005022982
142.0152977557227,0.99903786,0.0005020122
142.0357319502582,0.99926376,0.0005022277
142.05616624467075,0.99985534,0.000502176
142.07660063909134,0.999099,0.00050221547
142.09703493339475,1.0002463,0.0005020434
142.117469127581,1.0000669,0.0005021522
142.13790352176147,1.0000243,0.00050217117
142.15833781571564,0.9999374,0.00050214893
142.17877200977819,1.0000566,0.00050169835
142.19920630361594,1.0000817,0.0005018204
142.21964069745445,1.0003937,0.0005021868
142.24007489117503,0.9996181,0.0005018877
142.2605091848891,0.99956304,0.0005022049
142.28094357849477,0.99997485,0.00050193316
142.30137777197524,1.0012325,0.00050216075
142.32181206546375,1.0006946,0.0005021553
142.34224635883584,1.0016098,0.00050230033
142.362680752085,1.0000339,0.00050166197
142.3831149452235,1.0003638,0.0005018764
142.40354923836276,1.0007483,0.0005020902
142.4239836313791,1.0001715,0.0005018423
142.44441782440117,0.99994355,0.0005019644
142.46485211719119,1.0002093,0.00050214515
142.48528631009685,1.0000727,0.00050215854
142.50572070276394,1.0004207,0.00050201674
142.52615499543754,0.9993916,0.00050197577
142.54658928798744,0.99984384,0.00050169276
142.56702348042745,1.0008849,0.0005021813
142.58745787286898,1.0003854,0.0005017738
142.60789216519333,1.0000103,0.00050206576
142.62832635739323,1.0000281,0.00050177297
142.64876074960193,1.00043,0.000502025
142.66919504168618,0.9997537,0.0005021117
142.68962923366053,0.9999264,0.00050227524
142.71006352563563,1.0006976,0.00050202594
142.7304979174951,1.001093,0.00050189195
142.75093210922932,1.0005063,0.0005019363
142.7713664009716,1.0008227,0.00050212536
142.79180079247453,1.0004138,0.0005021802
142.81223498398322,1.0004554,0.00050219276
142.83266927549266,1.0003358,0.00050185795
142.8531035668857,0.99922174,0.00050197216
142.8735379581558,1.0010151,0.0005023562
142.89397214931523,0.99992883,0.00050209754
142.91440644047543,0.99955803,0.00050217524
142.9348408315127,1.0006263,0.00050229917
142.9552750224393,1.0006577,0.00050252676
142.97570931336668,0.9996578,0.0005021712
142.9961435041696,1.0006514,0.00050238066
143.0165778948649,1.0007733,0.00050244905
143.03701218555943,1.0007112,0.00050216576
143.05744647601387,0.9994801,0.0005021653
143.077880766592,1.0002294,0.00050242996
143.09831505693728,1.000024,0.00050240697
143.1187493472753,1.0010614,0.0005023066
143.13918363750417,1.0003012,0.0005018468
143.15961792760936,0.9998515,0.00050224975
143.18005221772182,0.99947256,0.00050211354
143.2004864077171,1.0007567,0.0005021667
143.22092069759674,1.0008563,0.00050210214
143.24135508735344,0.9995677,0.000501916
143.26178937711666,1.0000525,0.0005018423
143.28222366675618,1.0002066,0.0005022345
143.30265795640298,1.0000584,0.00050183194
143.32309224593337,1.0004408,0.0005022979
143.36396072463685,0.9997476,0.00050179445
143.38439511381875,0.99946636,0.0005018583
143.40482940299262,0.99998623,0.0005020125
143.425263592173,1.0002373,0.00050174847
143.44569798112207,1.0002297,0.0005017883
143.46613227007037,0.9998022,0.00050209835
143.48656645889423,0.9999602,0.00050198
143.5070007476097,1.0004277,0.00050214416
143.52743513631867,0.9998322,0.00050203456
143.54786942491774,0.9999714,0.0005020877
143.56830361339962,1.000486,0.0005020703
143.58873800176661,0.99907905,0.00050165603
143.60917229012557,0.9996665,0.00050153973
143.62960647837463,1.0003955,0.000501933
143.65004076650803,1.0005547,0.0005020853
143.67047515463491,1.0003375,0.0005020131
143.69090934265114,1.0002751,0.0005020791
143.7113436305517,0.999682,0.0005017535
143.731777918445,1.0002155,0.00050188624
143.75221220611274,0.9994428,0.00050192606
143.77264649378048,0.99979883,0.000501986
143.79308078144095,0.9991272,0.00050183263
143.81351506887586,1.0003251,0.00050182507
143.83394935631077,0.9995652,0.0005018294
143.854383643622,0.9996773,0.0005022016
143.87481783093972,0.9996818,0.0005020374
143.89525221802614,0.9997845,0.0005021207
143.91568650510453,0.9994647,0.000502065
143.93612069218943,0.9998263,0.0005021235
143.95655507904303,0.9999024,0.0005019838
143.97698936588858,1.0003438,0.0005021946
143.99742355262424,0.9998081,0.0005022581
144.01785783924424,0.99971294,0.00050232135
144.03829222585773,0.99947643,0.0005022691
144.05872651236132,1.0008978,0.0005023559
144.07916069874773,1.0005105,0.0005022444
144.09959508501197,1.0003355,0.0005020382
144.12002937128273,0.9998374,0.000502235
144.1404635574363,0.99915963,0.0005017126
144.16089784346696,1.0005566,0.00050232996
144.18133222950564,1.0007029,0.0005024533
144.2017664154264,0.9995745,0.000502165
144.2222007012242,0.99994856,0.00050241617
144.24263508691365,0.9999192,0.0005023635
144.26306927248515,1.0000098,0.00050215516
144.28350355805014,1.0003698,0.0005023918
144.303937843506,0.9996626,0.0005021872
144.32437212896184,1.0007669,0.0005021123
144.34480641417758,0.99975955,0.0005022862
144.3652406994006,0.9998768,0.0005023149
144.38567488450644,1.0005442,0.00050237187
144.40610926960653,0.99983793,0.0005021534
144.4265435544803,1.0008222,0.00050223386
144.44697773935331,0.9997114,0.00050230447
144.46741212410416,1.0000665,0.00050233566
144.48784640886151,0.99984,0.0005019398
144.5082805935017,0.99952924,0.0005020969
144.52871487801895,1.0009056,0.0005023298
144.54914926242782,0.9996549,0.00050214655
144.5695835467195,1.000609,0.0005022245
144.59001773101045,1.0003937,0.0005021474
144.6104521151792,1.0006164,0.00050228427
144.63088639923808,0.99951285,0.0005021575
144.6513205832889,1.0004181,0.00050239655
144.67175486711494,0.99949116,0.0005020544
144.69218925094174,0.99956244,0.00050218
144.71262343475973,0.99976057,0.0005021475
144.73305771835294,1.0000626,0.00050237816
144.7534921019469,1.0002958,0.000502359
144.77392628541566,1.0003768,0.00050241244
144.79436056877603,1.0002177,0.00050236814
144.8147948521364,0.99945706,0.000502418
144.83522923525743,1.0012547,0.0005025684
144.8556634183842,1.0003911,0.0005025876
144.87609770139534,1.0004071,0.0005025678
144.8965319843992,1.0011827,0.0005024213
144.9169662672939,0.9999251,0.0005020579
144.9374005500722,1.0002085,0.00050202967
144.9578348327268,1.0006244,0.00050200365
144.97826921527303,0.9999028,0.00050162734
144.99870339781774,1.0000025,0.000501966
145.0191376802395,1.0000333,0.00050197326
145.03957196255215,1.0000981,0.0005020891
145.06000624474837,1.0007015,0.00050203915
145.0804405269373,1.0004532,0.0005019239
145.1008748090171,1.0003713,0.0005016337
145.12130919098126,1.0002602,0.0005018612
145.1417433728202,1.000223,0.0005018103
145.16217765466718,1.0000471,0.0005020928
145.18261183639697,0.99996924,0.00050191476
145.2030462180046,0.99969995,0.0005019354
145.22348049950233,0.9998856,0.00050154666
145.2439146809993,1.0007143,0.0005015929
145.26434906225768,0.99972504,0.0005019426
145.28478334352258,1.0002333,0.0005017845
145.30521762478747,1.0001466,0.00050182577
145.32565180581878,0.9996488,0.00050142955
145.34608618684433,1.0002512,0.00050218764
145.36652046775998,1.000113,0.000501735
145.38695464855118,0.99996626,0.0005015908
145.40738902923476,1.0003972,0.00050183776
145.42782330991758,1.0001258,0.0005020226
145.44825749048323,0.99992335,0.0005018355
145.46869177092594,0.9997405,0.00050188333
145.48912615126028,0.99976593,0.0005018882
145.50956033158582,0.9995919,0.00050184416
145.52999461168656,1.0002962,0.0005017154
145.5504288917873,1.0001172,0.00050190056
145.57086327188154,1.0001076,0.00050143915
145.5912974517487,0.999752,0.0005018474
145.6117317316166,1.0001131,0.000501908
145.63216611136158,0.9995701,0.0005016347
145.6526002909959,0.9996058,0.00050162623
145.67303457051457,0.9999462,0.0005016997
145.69346875003248,1.0002458,0.00050193333
145.7139031293118,0.9998337,0.00050207437
145.73433740859764,0.99914074,0.0005019043
145.7547716878762,1.0003945,0.0005020693
145.7752059669292,0.99976397,0.00050213095
145.7956402459822,0.99976623,0.00050187105
145.8160745249188,0.99939257,0.00050230476
145.83650870361453,0.99992675,0.0005018489
145.85694308243546,0.99963593,0.00050226913
145.87737736101553,0.9996383,0.0005020354
145.89781153960212,0.9995954,0.00050227623
145.9182459180738,1.0003058,0.00050210743
145.93868019642832,0.9991083,0.00050189643
145.95911437465838,0.99858683,0.00050181913
145.97954865289648,0.9990916,0.00050198537
145.99998303101165,0.9991624,0.0005019281
146.02041730901692,0.99923325,0.00050183263
146.040851486905,0.99886394,0.0005019296
146.0612858646782,0.9992872,0.00050203974
146.08172014244337,0.9990744,0.00050172483
146.10215432009863,0.9999996,0.0005019077
146.12258859763824,0.99996203,0.0005021312
146.14302297505492,0.99921495,0.0005019393
146.16345715236093,0.9994959,0.00050190155
146.1838914296677,0.9996801,0.0005021424
146.2043257068508,0.9990382,0.0005019622
146.22475998392474,0.9991677,0.0005019227
146.24519426088227,0.99947304,0.0005020469
146.26562853783253,0.99950206,0.0005019256
146.28606281455723,0.99937266,0.00050187984
146.30649709128193,0.9997753,0.0005021958
146.34736554449046,0.99953973,0.0005021304
146.3677999208594,0.9989973,0.0005022013
146.38823419723485,0.99924713,0.00050202874
146.40866837349313,0.99942863,0.00050207524
146.4291027496365,1.0001912,0.0005023341
146.44953702565545,1.0000223,0.0005022401
146.46997120156448,0.99916345,0.0005019182
146.49040557746775,0.99973285,0.00050235895
146.51083985326113,0.9988915,0.00050223205
146.5312741289381,0.9996399,0.0005022648
146.55170830449788,0.9997619,0.0005021493
146.5721426800519,0.999365,0.0005020962
146.59257695537963,0.9993978,0.0005022049
146.61301123070007,0.99866873,0.0005016748
146.6334454059106,0.9988327,0.0005018539
146.65387978100625,0.9994088,0.00050174206
146.67431405610114,0.9992453,0.0005019591
146.69474823095516,0.99921507,0.00050181325
146.71518260581797,0.9980023,0.0005017572
146.73561688055634,0.99848056,0.00050152943
146.75605115518556,0.99905235,0.00050189806
146.77648532981402,0.99959695,0.0005019004
146.79691970421118,0.9990593,0.0005018184
146.8173539786003,0.9986045,0.0005015411
146.8377881528795,0.99889827,0.0005018079
146.85822242704307,0.99898386,0.0005016767
146.8786568010837,0.9986015,0.0005014813
146.8990909751301,0.99920696,0.00050157506
146.9195252489444,0.9980444,0.0005018002
146.9399596227522,0.9992414,0.00050157326
146.96039379644935,1.000033,0.00050165097
146.98082807003084,0.9989764,0.00050149945
147.00126234360505,0.9988453,0.0005014661
147.0216966169537,0.999355,0.0005013427
147.04213089030236,0.9991606,0.00050149736
147.06256516352732,0.9994529,0.0005017582
147.0829995366439,0.9985932,0.00050153316
147.10343370964256,0.99987394,0.0005017412
147.12386798251828,0.9981555,0.00050156814
147.1443021554005,0.9983668,0.0005010698
147.16473652816785,0.99874914,0.00050130545
147.18517080081074,0.999768,0.0005014418
147.20560497334372,0.9983206,0.0005011911
147.22603934576182,0.9985664,0.0005016051
147.24647361817188,0.9989873,0.0005015456
147.26690789035638,0.9984125,0.00050106784
147.28734206254012,0.99918807,0.0005015098
147.3077764346017,0.9988327,0.0005014153
147.32821070655336,0.99911976,0.00050135574
147.34864487850427,0.9999563,0.0005017401
147.36907915021584,0.9986503,0.00050128455
147.38951352193544,0.9985418,0.00050143525
147.4099476935371,0.9991066,0.0005016242
147.43038196501584,0.9980227,0.00050114817
147.4508163363862,0.9993232,0.0005014151
147.47125050763862,0.9998513,0.0005016111
147.49168477888452,0.9986581,0.0005010708
147.51211905002128,0.9989679,0.0005014158
147.53255342092598,0.9988151,0.0005014731
147.55298759182187,0.9989431,0.00050161785
147.5734218627258,0.99909735,0.0005015976
147.59385623339767,0.99936724,0.0005017067
147.61429040394432,0.9986996,0.0005009829
147.634724674499,0.9994774,0.0005014102
147.65515884493652,0.9997222,0.0005016578
147.67559321525187,0.9994899,0.00050180487
147.6960274854573,0.99891376,0.00050162256
147.71646165554557,0.9998641,0.0005017206
147.73689602562808,0.9991209,0.0005012635
147.75733029548428,0.9985393,0.00050123694
147.77776456534048,0.99879515,0.0005012846
147.7981987350795,0.99941164,0.0005015513
147.81863310469635,0.9990475,0.00050164625
147.8390673742033,0.9996181,0.00050130824
147.8595015437022,0.99941456,0.000501407
147.87993581297633,0.9993005,0.00050144974
147.92080435140088,0.9985111,0.00050139404
147.94123862044216,0.99886715,0.0005013963
147.9616729893678,0.99954396,0.0005013645
147.98210715816822,0.9988678,0.0005009458
148.00254142697668,0.9987337,0.0005011409
148.0229756955523,0.9986556,0.000501043
148.04341006412142,0.9986461,0.0005012596
148.06384423257987,0.99902767,0.00050131336
148.08427850092266,0.99902797,0.0005009385
148.10471286914253,0.998603,0.00050102756
148.12514703736815,0.99848384,0.00050072
148.1455813053617,0.99892884,0.0005008454
148.16601557334798,0.9984953,0.00050093787
148.1864498411087,0.99876124,0.0005012524
148.20688410886942,0.99877185,0.0005011195
148.22731837650645,0.9982646,0.0005010892
148.2477527441515,0.9984176,0.00050133007
148.26818691156222,0.9986176,0.0005014233
148.28862117885,0.99885297,0.00050098903
148.30905544614507,0.99959815,0.0005013385
148.3294897133237,0.9979294,0.00050141924
148.34992398037866,0.99846685,0.0005013679
148.37035824732448,0.9990706,0.0005012719
148.3907924141531,0.9986611,0.0005015011
148.41122678085958,0.998958,0.00050126825
148.43166104757256,0.9983395,0.00050148304
148.45209531416913,0.9991572,0.00050146354
148.4725295805256,0.99767506,0.0005015101
148.49296384688932,0.99883085,0.00050151034
148.51339811313665,0.99775964,0.00050173956
148.5338322792668,0.9977503,0.0005016833
148.55426664527477,0.998521,0.00050169235
148.57470091128926,0.99800074,0.0005015636
148.59513507706288,0.998039,0.00050179916
148.6155694428453,0.99820834,0.0005014137
148.63600370851054,0.9984852,0.0005017596
148.6564378740586,0.99806553,0.000501505
148.67687213948375,0.99787915,0.0005017314
148.6973065048005,0.9976156,0.000501609
148.71774066999205,0.9982544,0.00050160196
148.73817493519164,0.9982948,0.00050156325
148.75860930027557,0.9978088,0.000501529
148.77904356511863,0.99816453,0.00050155487
148.7994777299682,0.9980046,0.0005016669
148.81991199470212,0.9979595,0.00050171267
148.84034635931312,0.9985323,0.00050160044
148.86078052381345,0.9981901,0.00050158275
148.88121478831454,0.99778926,0.000501515
148.90164915257628,0.9980078,0.00050150923
148.92208331684378,0.9981323,0.00050148723
148.9425175808792,0.9978725,0.0005014389
148.96295184490737,0.9973695,0.0005012762
148.98338610882638,0.9985423,0.0005015935
149.00382037262898,0.9982059,0.0005016029
149.02425463631516,0.9987538,0.00050148903
149.0446887999933,0.99780184,0.0005014639
149.06512316344742,0.9982154,0.0005016209
149.0855574268935,0.9985154,0.00050144404
149.10599159011326,0.99847966,0.000501591
149.12642595333455,0.9981227,0.0005016658
149.14686021643865,0.99802566,0.0005016612
149.1672943794183,0.99884754,0.0005016173
149.18772864228958,0.9981292,0.0005014628
149.20816300503793,0.99924564,0.0005017318
149.2285972677928,0.9981786,0.0005016211
149.24903143031406,0.9984251,0.0005015305
149.26946579283685,0.9982436,0.0005015614
149.28990005511878,0.99828404,0.00050167023
149.33076847958,0.9981376,0.0005017565
149.35120284162986,0.9986907,0.0005016611
149.37163700356905,0.99816257,0.000501585
149.3920712653926,0.9989785,0.0005018281
149.4125056272096,0.99858296,0.00050143426
149.43293978879956,0.99860483,0.0005015108
149.45337405039027,0.9982015,0.0005015588
149.47380831174087,0.9979258,0.0005017445
149.49424257309875,0.9979935,0.0005014606
149.5146768343402,0.9980187,0.00050157047
149.53511109545798,0.99843174,0.0005017798
149.55554545646737,0.998204,0.000501663
149.57597961735155,0.99859935,0.0005018353
149.59641387812735,0.99802834,0.0005017914
149.6168480389024,0.9987658,0.0005016918
149.63728239944612,0.99909824,0.00050186436
149.65771665998182,0.9979819,0.00050166325
149.6781508202912,0.9977464,0.0005017252
149.69858508060133,0.9988255,0.00050181756
149.71901944078854,0.99890673,0.00050166267
149.73945370086585,0.99890995,0.0005016133
149.75988786082598,0.99930173,0.00050191564
149.78032222066395,0.9976877,0.0005015017
149.80075648050843,0.9983573,0.0005018218
149.8211906401193,0.99921125,0.0005016714
149.84162489972368,0.998761,0.0005016455
149.86205925910326,0.9987538,0.0005017533
149.88249351848208,0.99890405,0.0005017641
149.90292767762003,0.998484,0.00050173776
149.92336203676678,0.99803233,0.0005014766
149.94379629578907,0.9984146,0.0005017034
149.96423055470223,0.99831915,0.00050179136
149.9846647134982,0.9981324,0.0005016844
150.0050990722957,0.99877,0.00050177274
150.02553333085234,0.99789727,0.0005014786
150.04596748929907,0.99767756,0.00050154637
150.06640184774005,0.9983634,0.0005016291
150.08683610595472,0.99789226,0.00050178234
150.10727026416862,0.99746674,0.00050131866
150.12770452226687,0.99844414,0.00050150877
150.14813888012577,0.99763626,0.0005015377
150.16857303799043,0.9979603,0.00050163834
150.18900729573943,0.9975741,0.00050163345
150.2094416533655,0.9981977,0.0005017789
150.2298758108809,0.99844956,0.0005014965
150.25031006839708,0.99842757,0.0005018573
150.27074432567315,0.9980964,0.0005018079
150.29117868284084,0.99876714,0.0005016772
150.311612840007,0.99774814,0.00050162786
150.33204709693382,0.9985743,0.00050171034
150.35248125386715,0.9987179,0.00050166267
150.3729156106856,0.9989575,0.00050176954
150.39334986737958,0.99835205,0.0005014302
150.41378402384726,0.99889576,0.0005016792
150.43421838031645,0.9986502,0.00050147687
150.4546526366612,0.9991068,0.00050161907
150.4750868930132,0.9997705,0.00050180743
150.49552104913164,0.99741185,0.0005015348
150.5159554051279,0.9977626,0.0005015176
150.53638966101425,0.9979703,0.00050164165
150.55682381689985,0.99917763,0.00050186977
150.57725817254686,0.9981031,0.0005017391
150.5976924282004,0.9987994,0.0005018639
150.61812658362032,0.9982036,0.00050179183
150.63856083903374,0.9977333,0.0005015784
150.6589951943388,0.99848074,0.000501661
150.6794293495259,0.9983609,0.000501719
150.69986360459006,0.9980252,0.0005015639
150.72029795942944,0.99827796,0.000501757
150.74073221438448,0.9988823,0.0005018335
150.76116636909865,0.9980886,0.0005016103
150.78160062370443,0.99861056,0.0005017448
150.80203497819457,0.9988479,0.000501673
150.8224691325595,0.9985738,0.00050158665
150.84290338693245,0.99795103,0.00050168624
150.86333774107334,0.998141,0.0005017081
150.88377189520543,0.9980017,0.00050162734
150.90420614911272,0.99771655,0.0005016711
150.92464040302002,0.997905,0.0005016283
150.94507465680363,0.99778974,0.00050169684
150.96550891036168,0.9974296,0.00050153054
150.98594316391973,0.9981651,0.00050177705
151.0063773173606,0.9985149,0.00050168316
151.0268116706793,0.9981126,0.0005017022
151.0472459238881,0.9980468,0.0005015978
151.06768007697247,0.9988407,0.0005016206
151.0881144299492,0.9989259,0.00050164206
151.10854868280876,0.99925464,0.00050165976
151.12898283554387,0.9987267,0.0005016469
151.149417088287,0.99875915,0.0005015985
151.16985144079808,0.99820447,0.0005014665
151.19028559318394,0.99841046,0.00050149247
151.21071984557784,0.99839514,0.0005017239
151.23115419773967,0.9983607,0.00050172396
151.25158844989346,0.99756193,0.00050148985
151.27202260193735,0.99905574,0.0005016377
151.29245685374917,0.99941975,0.0005016185
151.31289120555448,0.99844396,0.0005015313
151.33332535724912,0.99824834,0.0005016805
151.3537596087117,0.9987606,0.0005015309
151.37419396016776,0.9984213,0.0005016848
151.39462811151316,0.9983252,0.00050136505
151.4150623627429,0.9996584,0.00050156016
151.43549661384895,0.9990865,0.00050137093
151.45593086484587,0.9982699,0.00050134206
151.47636511572637,0.9993743,0.0005014632
151.49679936648317,0.99976623,0.00050153193
151.51723361724726,0.99783295,0.0005009954
151.5376678677785,0.9996403,0.00050134584
151.55810211818607,0.99827063,0.00050122046
151.5785363686009,0.99873644,0.00050130667
151.59897071878368,0.9983717,0.0005011327
151.61940486884123,0.99926394,0.0005013598
151.63983911890682,0.9996692,0.0005014681
151.66027336873958,,
151.68070761856507,0.9987994,0.0005016298
151.701141868165,0.9988975,0.00050171424
151.72157611776493,0.99944955,0.00050164707
151.74201036724116,0.9990977,0.0005015282
151.76244461649185,0.9985663,0.0005014204
151.78287886574253,0.9998526,0.00050148304
151.80331301486876,0.99892044,0.0005015943
151.82374736388738,0.99905837,0.00050165236
151.8441816126724,0.9994139,0.0005016324
151.86461576145666,0.99939275,0.0005017931
151.88505011011875,0.99925023,0.00050152384
151.90548435867095,0.99946755,0.0005017485
151.9259185070987,1.0000005,0.0005017424
151.94635275541805,0.999735,0.00050173694
151.96678710362175,0.99878484,0.0005015413
151.987221351701,1.0004933,0.00050182175
152.00765549967036,0.99962616,0.0005015456
152.02808984752483,0.99924237,0.00050164876
152.04852409537125,0.9992365,0.00050169055
152.06895824299136,0.9993488,0.00050171796
152.0893924904958,0.99936014,0.0005016913
152.10982683787734,0.99926436,0.0005016218
152.1302609851482,0.9995617,0.00050168415
152.15069523241982,0.9996792,0.0005017596
152.17112947945134,0.9996788,0.00050163886
152.19156372649013,0.99916935,0.0005014528
152.2119979732961,0.9995025,0.0005015935
152.23243221998564,0.99977183,0.0005016413
152.25286656666867,0.9991801,0.00050179
152.27330071312463,0.9994382,0.00050157495
152.3141691057972,0.9995613,0.0005015918
152.33460345202184,0.99992067,0.000501709
152.3550376980129,1.0000765,0.00050167326
152.3754718439959,1.0004674,0.000501755
152.3959061897549,0.9991715,0.0005015993
152.41634043550584,0.99959666,0.0005016369
152.43677468114765,0.9985759,0.0005015675
152.45720882655587,0.99980575,0.0005016583
152.4776431719656,1.0001373,0.00050158956
152.4980774172509,0.9996113,0.0005016699
152.51851156230987,1.0000888,0.00050150394
152.5389459073631,1.0006763,0.00050179986
152.5593801523064,0.9997295,0.0005015784
152.57981429701613,0.99922526,0.0005014078
152.60024854172661,1.0011408,0.00050161517
152.62068288631417,0.9996578,0.0005014361
152.64111703079107,0.9998243,0.00050129986
152.68198551927344,0.9994244,0.00050155754
152.70241976340185,0.9998543,0.0005015311
152.72285400741384,1.0002683,0.0005015036
152.74328825130215,0.9997554,0.0005012129
152.76372259508207,1.0000646,0.0005010525
152.78415673862037,1.0005112,0.000501236
152.8045909821667,0.999865,0.0005010488
152.82502512559586,1.0001209,0.00050113484
152.84545946891012,1.000205,0.0005013103
152.86589371209993,0.99974114,0.00050120114
152.88632785517984,1.0005615,0.0005013832
152.90676219802117,1.0004996,0.0005012861
152.927196440869,0.9998789,0.0005014496
152.94763068360044,0.9998889,0.00050141796
152.9680648262147,0.99983394,0.00050068554
152.98849916870677,0.99975044,0.00050107925
153.00893341108895,0.999834,0.00050112215
153.02936755335395,1.0003225,0.00050078897
153.04980189549678,1.0001416,0.00050127733
153.07023613752972,1.0007604,0.0005010034
153.09067027944548,0.999855,0.0005007902
153.1111045211219,1.000307,0.00050122046
153.13153886280634,1.0004411,0.0005012919
153.15197300437285,0.9994554,0.0005012054
153.17240724581643,1.00056,0.00050132157
153.19284148715087,1.000189,0.0005011285
153.21327582836966,0.9996523,0.00050139753
153.233710069464,0.9999337,0.00050113996
153.25414421044843,0.999781,0.00050103967
153.2745785513107,1.0010312,0.00050129514
153.29501279194665,1.0007312,0.0005014182
153.31544693258184,1.0003316,0.0005012854
153.33588117310137,1.0006518,0.0005014096
153.3563154134972,1.000779,0.00050142914
153.37674965378392,0.99994534,0.00050119153
153.3971838939542,1.0004114,0.00050111895
153.41761823388515,1.0003898,0.00050131057
153.4380524738226,1.0005141,0.0005014628
153.4584866136429,0.99976915,0.00050153845
153.47892085334024,0.999984,0.00050126284
153.49935519292922,0.9999655,0.000501503
153.51978933228384,1.0010551,0.00050172705
153.54022357163194,0.9995697,0.00050142704
153.56065791087167,1.0004317,0.0005016416
153.58109204999346,1.0000304,0.0005015349
153.6015262888759,0.9997265,0.0005013522
153.62196052776562,0.99947476,0.00050132425
153.64239476653893,0.9994834,0.0005013147
153.66282900507213,0.999274,0.00050150626
153.6832632436126,0.9997077,0.0005012543
153.70369738191948,0.99953115,0.0005012049
153.7241317202206,0.99971974,0.00050141866
153.74456595841184,1.000322,0.00050154875
153.76500009636948,1.0000616,0.0005014377
153.78543443432136,0.9996218,0.0005014219
153.80586867204693,0.9996945,0.000501485
153.82630280977173,0.9999739,0.0005014439
153.8467370472572,0.9998349,0.0005015128
153.8671713847507,0.99930155,0.0005013378
153.88760552200984,1.0003749,0.00050149433
153.90803975914605,0.9996908,0.00050137844
153.9284740962903,1.0001175,0.0005015442
153.94890833320096,1.0006235,0.0005016025
153.96934246998717,0.9996246,0.00050145504
153.9897767067814,1.0000521,0.0005012904
154.0102110433436,0.99956036,0.0005014002
154.03064517978055,0.99998385,0.0005015498
154.05107941622555,1.0002546,0.00050157134
154.07151375243848,1.0004159,0.0005013025
154.0919478885262,1.0004733,0.0005012619
154.11238212450553,1.0004332,0.00050106837
154.13281636036845,1.0005862,0.0005012596
154.15325059610768,0.99977887,0.000501387
154.17368483173777,1.0006442,0.00050142873
154.19411906725145,1.0002756,0.00050110416
154.21455330264143,1.0009444,0.000501274
154.23498753792228,1.0001079,0.00050123263
154.2554217730867,0.9997931,0.0005013477
154.2758559081267,1.0000033,0.00050113065
154.29629024305905,1.0007492,0.0005012541
154.31672447775782,1.0004838,0.00050138566
154.33715861244855,0.99995065,0.0005013545
154.3575928470309,0.99980026,0.00050110143
154.3780271814976,0.9995228,0.0005010528
154.39846131572267,1.0002711,0.00050125434
154.41889554995578,1.0000752,0.0005009731
154.43932988407323,1.0009289,0.0005012826
154.45976411794982,1.0008833,0.00050138903
154.4801982517165,1.0003124,0.0005010296
154.50063248548395,1.000464,0.00050127204
154.52106681901205,1.0004896,0.00050123077
154.5415009525459,1.0010283,0.0005013057
154.5619351858477,1.0003732,0.00050119834
154.58236951902654,1.0001938,0.00050117006
154.60280365209474,1.0008639,0.00050121784
154.6232378851637,1.0007895,0.00050154375
154.64367211799254,0.9999037,0.0005011215
154.66410635071225,0.99967766,0.00050110207
154.68454058331554,1.0004551,0.00050112326
154.70497481579514,1.0005634,0.0005013075
154.72540914816636,1.0010016,0.00050124305
154.74584328041965,1.0005097,0.0005014262
154.76627751255,1.0009438,0.00050133554
154.78671174457122,1.0004799,0.0005010235
154.8071459763596,1.0007616,0.0005012189
154.82758020814072,1.0008012,0.00050069095
154.84801433981193,1.0007726,0.00050090894
154.86844867125183,1.0003424,0.0005009992
154.8888829026837,1.0010313,0.00050066825
154.90931713389,1.0003167,0.0005009604
154.9297513650963,1.0008273,0.0005010728
154.9501855960625,1.001472,0.0005008596
154.970619827036,1.0002247,0.00050041004
154.99105405777664,1.0006298,0.0005007429
155.01148818839283,1.0012454,0.0005008107
155.0319225189014,0.9999542,0.0005009007
155.0523567492928,0.9999026,0.000500683
155.07279087956704,1.0003508,0.0005012524
155.0932252098355,1.0001036,0.0005010974
155.11365943987767,0.99996877,0.00050080236
155.13409356967895,1.000494,0.0005011345
155.15452779948828,1.0012773,0.00050113676
155.17496212918195,1.0007188,0.00050109724
155.19539635875117,1.0011458,0.0005010943
155.21583048809407,1.0005656,0.000501099
155.23626471743773,1.0002681,0.0005009784
155.25669904665847,1.0003731,0.00050145824
155.29756740453013,1.0004606,0.0005013696
155.31800173340162,1.0005811,0.0005012731
155.33843586204603,1.0003253,0.000501107
155.35887009057478,1.0002347,0.00050095
155.37930431897985,1.0004226,0.0005013036
155.39973854727577,1.00029,0.00050123275
155.42017277545528,1.0006827,0.0005011302
155.44060700351838,1.0001922,0.00050126004
155.46104133145855,0.99998343,0.00050122064
155.48147545928805,1.0006075,0.00050140946
155.50190968699462,1.0003397,0.00050124474
155.52234381447488,1.0002749,0.00050146173
155.54277814195666,1.000634,0.0005014334
155.56321236932126,,
155.583646496445,1.000707,0.0005013988
155.60408082346112,1.0007907,0.0005013862
155.6245150504692,1.0012048,0.0005015482
155.64494927725173,1.0003272,0.0005013884
155.66538340391708,1.0010599,0.0005015728
155.68581773046753,1.0016367,0.0005015939
155.70625195689354,1.0014392,0.0005014884
155.72668608320964,0.9998873,0.00050135754
155.7471203094101,1.000873,0.0005015606
155.7675546354876,1.0006244,0.00050142076
155.78798876133806,1.001332,0.0005015198
155.80842298718926,1.0013701,0.0005016409
155.82885731280112,1.0010252,0.0005016255
155.84929143841873,0.9998336,0.000501416
155.86972566380427,1.0012625,0.0005015487
155.89015988918254,1.0020132,0.0005015791
155.91059421433602,1.0004891,0.0005016318
155.93102833937155,1.0019641,0.0005015599
155.95146256428416,1.0011287,0.00050164317
155.97189688908838,1.0010016,0.0005015229
155.9923310137674,1.0013264,0.000501434
156.01276523833803,1.0013748,0.0005015029
156.03319936267508,1.0011737,0.00050140935
156.05363368701364,1.0017663,0.00050143857
156.07406791122776,1.0016743,0.0005014053
156.09450213521632,1.0009893,0.0005015282
156.11493635908118,1.0006497,0.00050157047
156.13537058295333,1.001593,0.00050135574
156.15580480659264,1.0020312,0.0005015787
156.17623893011478,1.0016437,0.0005015196
156.19667325351475,1.0013162,0.00050152914
156.2171074768048,1.0016268,0.0005016655
156.2375415999777,1.0016525,0.0005015827
156.25797582302766,1.0015521,0.0005012966
156.27841014585283,1.0018115,0.0005015079
156.29884426867648,1.0016052,0.00050151645
156.31927849126077,1.0017177,0.0005015406
156.3397128138531,1.0010781,0.0005013833
156.3601469362111,1.0014026,0.0005014539
156.38058115844615,1.0020068,0.00050141924
156.40101538057206,1.0013367,0.00050146977
156.42144970258232,1.0005361,0.0005013807
156.44188382446737,1.0014488,0.00050159247
156.46231804624404,1.0013429,0.00050140265
156.48275236789777,1.0015842,0.0005013229
156.50318648932443,1.0013038,0.0005013873
156.52362071075186,1.0024632,0.0005015173
156.54405493194645,1.0014505,0.00050126034
156.56448915313376,1.0016142,0.0005012467
156.58492337409552,1.001645,0.0005012837
156.60535759494087,1.0009215,0.00050143054
156.62579181566252,1.0015794,0.00050134707
156.64622603627504,1.0016483,0.00050125306
156.66666025677114,1.0016463,0.00050126767
156.68709447714355,1.0015774,0.00050124654
156.7075286972904,1.0011077,0.0005012806
156.72796291743725,1.0018721,0.0005011554
156.748397137344,1.0011535,0.0005013418
156.76883125714085,1.0017451,0.0005011331
156.78926557693921,1.0012829,0.00050138665
156.80969979649672,1.0019578,0.00050142844
156.83013401594508,1.0011476,0.0005013345
156.85056823527702,1.0022064,0.00050146354
156.87100245436886,1.0013913,0.0005013001
156.89143667346798,1.0014504,0.00050133636
156.9118707923335,1.0018018,0.0005016768
156.93230511119327,1.0016466,0.0005014816
156.95273932982673,1.001448,0.00050125376
156.97317344845942,1.0016857,0.0005013773
156.99360776685353,1.0012099,0.0005011658
157.01404198513774,1.0021548,0.00050145114
157.03447610318835,1.0018741,0.0005013468
157.05491032123246,1.0014105,0.0005012777
157.07534463916818,1.0019737,0.00050137774
157.09577875698596,1.0015374,0.0005013615
157.1162129745644,1.0027524,0.00050139317
157.13664729203447,1.0017701,0.0005013132
157.15708150938735,1.0013838,0.00050147687
157.1775156266158,1.0014876,0.0005013281
157.19794984385226,1.0020487,0.00050118024
157.21838416074024,1.0018235,0.0005015231
157.23881827761943,1.0019311,0.0005013327
157.25925249439024,1.0019418,0.00050139835
157.27968671092822,1.0006416,0.00050127663
157.30012092745892,1.0018321,0.00050120923
157.32055514376407,1.0018705,0.00050124375
157.3409893599528,1.0018004,0.0005014615
157.36142357601784,1.0015177,0.000501249
157.38185779197374,1.0020643,0.0005013152
157.40229200781323,1.0014701,0.00050127995
157.42272612341912,1.0014983,0.00050123356
157.44316043901927,1.0018691,0.00050135003
157.4635946543931,1.0021496,0.00050103513
157.48402876964246,1.001358,0.00050136814
157.50446308490064,1.0014181,0.00050133857
157.52489729992521,1.0011107,0.00050121784
157.54533141470893,1.0026342,0.00050151267
157.56576562950067,1.0022451,0.00050104706
157.58619994417677,1.0027367,0.00050122966
157.60663405861123,1.0027051,0.0005014086
157.62706827305374,1.0021219,0.00050114637
157.64750258726417,1.001491,0.000501204
157.66793680135015,1.0026033,0.0005011662
157.68837091532623,1.0028216,0.0005013561
157.70880512918666,1.0017053,0.0005014159
157.72923944292415,1.0018245,0.0005012199
157.74967355643457,1.002191,0.0005010517
157.77010776994575,1.0020355,0.00050106016
157.7905420832176,1.0029405,0.00050122256
157.81097619637876,1.0020958,0.0005013873
157.83141040942428,1.0023471,0.00050123414
157.8518446223461,1.0020487,0.0005012406
157.8722788351588,1.0023772,0.00050111074
157.89271304785507,1.0020046,0.0005010958
157.91314726031123,1.0025084,0.0005008341
157.9335813726575,1.0014315,0.00050114415
157.9540156850053,1.0015358,0.00050100486
157.9744498971122,1.0026449,0.0005011702
157.99488400910923,1.0031545,0.00050122704
158.01531832099135,1.0022026,0.0005011977
158.0357525326326,1.0019023,0.0005014105
158.0561866442804,1.0018048,0.0005013086
158.0766208556961,1.0017868,0.000501034
158.09705516710528,1.0014853,0.00050127157
158.11748937828816,1.002406,0.00050126505
158.13792348935385,1.0025611,0.0005012151
158.15835780018097,1.0026784,0.000501095
158.178792011131,1.0024651,0.0005010811
158.19922612161463,1.0026594,0.0005011924
158.21966033232457,1.0027881,0.00050115434
158.24009464257688,1.002398,0.0005008696
158.28096296307922,1.0017908,0.000501033
158.30139727309142,1.0022402,0.00050108455
158.32183148287731,1.002056,0.0005011835
158.34226559265517,1.0020888,0.00050095946
158.36269980220823,1.0022935,0.00050097995
158.38313411152922,1.0021815,0.0005011053
158.40356832084217,1.0036786,0.0005010266
158.42400243016164,1.0018072,0.0005009913
158.44443663924903,1.0020816,0.0005011042
158.4648709480971,1.0013433,0.0005011244
158.4853050569509,1.0017996,0.0005012446
158.50573926557263,1.0017868,0.00050111616
158.52617357418785,1.0027728,0.0005010699
158.546607682576,1.002208,0.00050137594
158.56704189073207,1.0026796,0.0005011335
158.58747609888087,1.0008669,0.0005010957
158.60791030680411,1.0021054,0.00050101726
158.62834451472736,1.0010465,0.00050105044
158.64877872241777,1.0010823,0.00050138414
158.66921302986884,1.0014085,0.0005010031
158.68964713732566,1.001832,0.0005011436
158.71008134477597,1.0012919,0.0005010763
158.73051545176713,1.0023099,0.00050101423
158.75094975899265,1.0022459,0.0005013035
158.77138396575174,1.0012673,0.0005011965
158.79181817250355,1.0013182,0.00050105876
158.81225237926265,1.0007747,0.0005010393
158.83268658578163,1.0015559,0.00050108973
158.85312079207506,1.0015869,0.0005009298
158.87355489836773,1.00135,0.00050122925
158.8939892044291,1.0013555,0.0005011394
158.91442341024958,1.0014378,0.0005007293
158.9348575160766,1.0018144,0.0005011047
158.95529182189784,1.0020831,0.0005011928
158.97572602749278,1.0011395,0.0005012332
158.99616013285413,1.0015451,0.000501095
159.01659433821624,1.0023888,0.0005011948
159.037028643339,1.001185,0.00050107494
159.05746274823468,1.0015265,0.0005010767
159.07789695313113,1.0009766,0.0005012568
159.09833115778747,1.0009604,0.00050127483
159.11876546245185,1.0020249,0.00050114194
159.13919956688187,1.0016711,0.0005010906
159.15963377130538,1.0014148,0.00050102104
159.1800680755041,1.001274,0.0005010699
159.20050217946118,1.0009861,0.00050104584
159.2209363834263,1.0021483,0.0005011392
159.24137048715784,1.0009702,0.00050119485
159.2618047908909,1.0014324,0.00050116936
159.28223899438308,1.000933,0.0005007822
159.3026731976497,1.0020573,0.00050115405
159.32310740090907,1.0013391,0.000501005
159.34354160394287,1.0008776,0.00050110713
159.36397580697667,1.0021249,0.0005010031
159.38440990977688,1.0016302,0.0005011096
159.40484421257133,1.0016975,0.000501005
159.42527841490664,1.0016702,0.0005010303
159.44571251747402,1.0014156,0.00050111435
159.46614681980282,1.0009358,0.0005010997
159.4865810219053,1.0015413,0.0005010477
159.50701512377418,1.0018613,0.0005010135
159.52744932563655,1.0011077,0.00050123857
159.54788362750696,1.0023481,0.000501209
159.5683177289102,1.0022122,0.00050091813
159.58875193053973,1.0014769,0.00050106546
159.60918613171089,1.0012435,0.0005010356
159.6296204328828,1.0009465,0.00050092925
159.65005453404592,1.0018684,0.0005010354
159.67048873475142,1.0012442,0.0005011977
159.69092303568323,1.0020646,0.00050101307
159.71135713615513,1.0018094,0.0005011827
159.7317913366278,1.0015116,0.0005011608
159.75222553710046,1.001401,0.00050089246
159.77265973733302,1.0020312,0.00050102867
159.79309393734002,1.0009521,0.000501122
159.81352813734702,1.002028,0.00050091336
159.83396233711392,1.0013459,0.00050098856
159.85439653665526,1.001343,0.00050096255
159.8748307361966,1.0015357,0.00050096674
159.89526483549707,1.0011796,0.0005009999
159.91569913480635,1.0016742,0.0005009872
159.93613333388203,1.0014459,0.0005011486
159.95656753295043,1.0024651,0.00050112593
159.97700173156045,1.0012978,0.0005010148
159.9974359304033,1.0016097,0.00050072273
160.0178701287732,1.0006255,0.00050109014
160.03830432738323,1.0023149,0.00050097884
160.0587385255276,1.0013727,0.00050082174
160.07917272366467,1.0017614,0.00050097634
160.0996069215762,1.0013971,0.00050099083
160.12004101948696,1.0021296,0.00050081284
160.14047531715914,1.0022941,0.00050102884
160.16090951483784,1.0017744,0.00050108024
160.18134361228294,1.0016968,0.00050097716
160.20177790948946,1.0009983,0.0005007086
160.2222121067025,1.000684,0.00050098065
160.24264620368194,1.001254,0.00050094374
160.26308040042204,1.0012282,0.00050077087
160.28351469717018,1.0016036,0.0005006179
160.3039487939168,1.0012292,0.0005008505
160.32438299019122,1.0009536,0.0005010254
160.3448172864737,1.0015244,0.00050078094
160.3652514827554,1.0007125,0.00050069805
160.38568557879626,1.0005631,0.0005006452
160.4061197746123,1.0009222,0.0005009245
160.42655407042912,1.0012475,0.00050073664
160.4469881660043,1.0007825,0.0005008338
160.4674223613547,1.0010583,0.0005004983
160.48785665670584,1.001466,0.0005008758
160.5082907520482,1.001275,0.0005009432
160.52872494693293,1.0015059,0.0005007182
160.54915914181765,1.0017763,0.00050099764
160.5695933366951,1.0012347,0.000501014
160.590027531347,1.0008795,0.0005009452
160.61046172576607,1.0019424,0.00050091406
160.63089582018438,1.001001,0.0005009385
160.6513301143641,1.0011897,0.0005008552
160.6717643083175,1.001134,0.00050050055
160.69219840226287,1.001135,0.00050085376
160.7126326959842,1.0008299,0.00050092186
160.7330668897048,1.000588,0.0005009941
160.7535009831845,1.0011817,0.0005010502
160.7739351764394,1.0014182,0.0005011609
160.79436946969508,1.0009518,0.000500995
160.8148036627099,1.000922,0.0005009802
160.8352377557312,1.0007259,0.0005009661
160.85567204852123,1.0011164,0.000500981
160.87610624107037,1.0007929,0.0005011701
160.89654033362604,1.0005535,0.0005011157
160.91697452594963,1.0000819,0.00050109124
160.9374088182667,1.0014124,0.0005012036
160.9578429103567,1.0004977,0.0005009355
160.97827710221463,1.0005226,0.00050098053
160.99871139406605,1.0006937,0.0005009887
161.0191454856904,1.0000324,0.00050085684
161.0395796773155,1.0000046,0.000500803
161.06001386846765,0.9995307,0.0005008751
161.08044805985992,0.99970466,0.00050072785
161.10088225078653,0.99948144,0.00050089025
161.12131644170586,1.0006198,0.00050107186
161.14175073263323,1.0005758,0.0005010343
161.16218482332624,1.0013715,0.0005011477
161.1826190137799,1.0003446,0.0005010221
161.2030531042401,1.0004711,0.0005010452
161.22348739446898,1.00078,0.00050115923
161.26435577445227,0.99924606,0.00050087186
161.28478986421396,1.000149,0.0005009588
161.30522415373707,1.0003287,0.0005010639
161.3256583432667,0.9997337,0.00050102733
161.34609243279556,1.0005982,0.0005010976
161.366526721853,0.9998643,0.00050100853
161.38696091091697,1.00024,0.0005010864
161.40739499998017,1.0004326,0.0005010584
161.42782918880403,1.0000908,0.00050125143
161.4482634774031,1.0000192,0.0005009562
161.4686975657678,0.9993177,0.00050099735
161.4891317543661,0.9998189,0.0005010171
161.50956604249222,1.0002832,0.0005010678
161.5300001306241,0.99962926,0.0005010928
161.55043431851664,0.99985677,0.0005011561
161.57086850618361,1.0000924,0.0005011347
161.59130279385136,1.0003798,0.00050109933
161.61173688128474,0.9993307,0.0005011997
161.6321710687116,1.0003864,0.0005010549
161.6526053559137,1.0001882,0.00050115515
161.67303954310773,0.9993347,0.00050111394
161.69347362984263,0.99991053,0.0005011825
161.71390781681112,1.0008296,0.000501299
161.73434210330743,1.0000895,0.0005012067
161.7547761898095,0.99992335,0.0005011928
161.77521037607949,1.0002811,0.00050113857
161.7956445623422,1.0000434,0.00050117634
161.81607874837937,0.9992629,0.0005010871
161.83651293441653,0.9999037,0.00050113373
161.85694712022087,0.9993131,0.000501006
161.87738140578585,0.9993488,0.0005009193
161.89781549112377,1.0000975,0.00050085975
161.91824967645516,1.0002633,0.0005008861
161.93868376179307,0.99876326,0.00050095044
161.95911804689968,0.9996749,0.0005009133
161.9795522317727,1.0006254,0.00050105824
161.9999864164056,0.99962974,0.00050100096
162.02042060104577,1.0000087,0.0005009223
162.04085478544584,0.99960405,0.00050073134
162.0612889698532,0.99972886,0.0005007721
162.08172305402695,0.9994208,0.00050071353
162.1021573379694,0.99977237,0.0005008535
162.12259152190381,0.9996383,0.0005006897
162.1430256056119,1.000145,0.00050084543
162.16345988908142,0.9986834,0.00050064846
162.18389407255745,0.9998656,0.00050084403
162.20432815603272,0.99956536,0.00050072756
162.22476233904308,0.9992376,0.00050081674
162.24519662204693,0.9994268,0.00050052465
162.26563070505654,0.99982727,0.00050074095
162.28606488760124,0.9999094,0.0005006786
162.30649917013943,1.0000498,0.00050079334
162.32693335268414,0.9996378,0.0005007061
162.34736743499525,0.9997064,0.0005005626
162.36780161706702,0.9993448,0.00050053594
162.388235898914,0.99977773,0.0005005309
162.40866998075217,0.9997476,0.000500609
162.42910416259838,0.99911165,0.0005004798
162.44953824397817,0.9990546,0.00050063326
162.4699725255923,0.9988807,0.00050061074
162.49040670673276,0.99940467,0.00050017546
162.51084028788318,0.9986918,0.000500556
162.53127456879156,0.9981311,0.00050033
162.55170864947286,0.9989516,0.0005004653
162.57214283014764,0.99806976,0.0005002389
162.5925770108297,0.99977136,0.00050057675
162.61301129104686,0.9993659,0.00050041435
162.6334453712625,0.9999269,0.0005006384
162.65387955147162,0.99930763,0.0005004888
162.67431383122312,0.99976265,0.00050049555
162.69474791119865,0.999866,0.0005005174
162.71518209071655,0.9998054,0.00050048076
162.73561627023446,0.9999953,0.0005006072
162.75605044951953,1.0007614,0.0005004656
162.77648462879733,1.0003158,0.00050053914
162.79691880784958,0.99939185,0.00050032465
162.81735298666172,0.99990046,0.00050030195
162.83778716548113,0.99985546,0.0005006488
162.85822134406772,1.0007703,0.0005005418
162.8786554224207,1.0000913,0.0005002803
162.89908970076795,1.0000304,0.0004999248
162.91952387888887,0.9997026,0.000500092
162.93995795700903,0.99930835,0.00050025067
162.960392134657,0.99956536,0.000500075
162.98082641254587,1.0000199,0.0005004146
163.00126048996754,0.99949116,0.00050017075
163.0216946673827,0.9998224,0.00050006446
163.04212894480588,0.99987805,0.00050000753
163.06256312175537,0.9998011,0.0005001128
163.08299719871138,0.99992603,0.0005003484
163.10343137566815,1.000372,0.0005003186
163.12386565239285,1.0001997,0.0005002994
163.14429972887592,1.0003207,0.00049991964
163.1647339051342,1.0006193,0.0005002555
163.18516818138596,1.000863,0.0005003596
163.20560225741065,1.0001557,0.0005004892
163.2260364334361,0.9996763,0.00050033024
163.2464706092287,0.99980205,0.00049996725
163.26690478478122,0.9999386,0.0005000177
163.287338960341,0.9996789,0.00050022494
163.30777313566796,0.99941564,0.0005002623
163.32820741075557,0.99994695,0.000500267
163.34864148584893,0.9997709,0.0005004467
163.36907566071022,1.0005629,0.0005006089
163.38950973533065,1.0008748,0.00050054543
163.40994400995987,0.9995684,0.00050037686
163.4303781843555,0.99987817,0.0004998508
163.4508122587431,0.99903643,0.00049982505
163.47124653290666,1.000263,0.0005000673
163.49168070683663,0.9998446,0.0005001191
163.51211488075933,1.0006737,0.00050029653
163.5325489544557,1.0000552,0.00049987045
163.5529832279135,0.99919474,0.00050013524
163.5734174013778,1.0000135,0.00050012354
163.59385147460853,0.99920803,0.0004999226
163.61428564760718,0.99956,0.0005000569
163.6347199205993,0.99951345,0.0004997256
163.65515399336437,1.0004247,0.00049978576
163.67558816589735,0.9994633,0.0004994116
163.69602243842382,1.0000273,0.0004996792
163.71645651072322,0.9997222,0.00049954705
163.73689068302338,0.99907905,0.0004992658
163.7573248548506,1.0002689,0.000499932
163.77775902691792,0.99948514,0.0004997372
163.79819319851958,0.9998507,0.00049972953
163.81862737011397,0.9997095,0.000499529
163.83906164148357,0.9994357,0.00049951096
163.85949571285164,0.9996792,0.00049937196
163.87992988398037,0.99908394,0.00049931277
163.90036395488278,1.0002391,0.00049952965
163.9207982257867,0.9992994,0.0004996465
163.94123239644978,0.9996269,0.0004994856
163.9616665668873,1.0000083,0.0004997584
163.9821007373248,0.99967176,0.00049965415
164.0025349075222,0.9992748,0.0004994985
164.02296907772688,0.9991137,0.0004994147
164.04340314746514,1.000883,0.00049916294
164.06383741743048,0.9996383,0.00049946597
164.08427158693667,1.0000565,0.0004991616
164.10470575644285,0.9986966,0.0004989628
164.12513982570817,1.0004538,0.00049929693
164.1455740949823,0.9991242,0.0004992453
164.16600816378923,0.9996735,0.0004995545
164.18644233282248,0.99952394,0.0004993902
164.2068766013981,1.0000458,0.00049928157
164.24774483830697,0.9998913,0.0004992662
164.268179006649,0.9999914,0.0004992649
164.2886131747582,0.99987894,0.00049902167
164.3090473426273,0.99973744,0.0004995921
164.32948151050368,0.99970466,0.0004990549
164.349915778148,0.9996344,0.0004994324
164.37034994555142,0.9992252,0.00049921847
164.39078401296138,0.9990348,0.00049912295
164.41121818013926,0.9993907,0.00049960613
164.43165234707703,0.99937755,0.000499521
164.45208651402208,0.9995822,0.00049923663
164.4725206807343,0.9985649,0.0004991049
164.49295494720718,0.99995923,0.0004994111
164.5133890136858,0.99947935,0.0004994748
164.53382317993237,0.999437,0.0004992982
164.55425734617165,0.99984384,0.00049971364
164.57469151195255,0.999791,0.00049948104
164.59512567796628,0.9995253,0.00049935986
164.61555984350707,0.9995919,0.0004993251
164.63599390905438,0.9994936,0.00049913547
164.65642817437038,1.0001338,0.00049938954
164.6768623394455,0.99925876,0.0004995365
164.6972965045279,1.0001959,0.0004998746
164.7177306693775,1.0000865,0.00049945014
164.7381648342198,0.99954623,0.0004996154
164.75859899883653,0.99939054,0.0004995859
164.77903306321969,1.0000312,0.00049932266
164.79946732736425,0.9995425,0.0004996593
164.81990149151534,1.0001256,0.0004993728
164.84033555566566,0.9990575,0.00049915194
164.86076981934457,0.99911135,0.0004988846
164.88120398303,0.9989314,0.0004987971
164.90163804648182,0.9994813,0.00049910805
164.92207220992714,0.9998198,0.0004991477
164.94250647314766,0.9993851,0.00049904623
164.96294053613383,1.0005999,0.0004993332
164.98337469912076,1.0002085,0.00049960596
