time,flux,flux_err,kepid,disposition
120.5390603035703,0.99994487,0.00011342388,6607357,CONFIRMED
120.55949481784046,0.999917,0.00011454415,6607357,CONFIRMED
120.57992923205165,1.0002036,0.00011505762,6607357,CONFIRMED
120.6003638463153,0.99997437,0.00011527315,6607357,CONFIRMED
120.62079836052726,1.0001618,0.0001154223,6607357,CONFIRMED
120.64123277468025,1.000001,0.00011596908,6607357,CONFIRMED
120.66166728888493,1.0001765,0.00011608212,6607357,CONFIRMED
120.68210190303944,1.000074,0.00011595253,6607357,CONFIRMED
120.70253631713422,1.0001028,0.000115983414,6607357,CONFIRMED
120.72297083128069,1.0002539,0.00011626317,6607357,CONFIRMED
120.743405445377,0.999814,0.00011611807,6607357,CONFIRMED
120.76383985947177,0.99988824,0.00011630877,6607357,CONFIRMED
120.78427437350183,0.99987215,0.00011646183,6607357,CONFIRMED
120.80470888753916,0.9998462,0.00011655489,6607357,CONFIRMED
120.8251434015765,0.99967194,0.0001164065,6607357,CONFIRMED
120.84557791554835,0.99973327,0.00011659407,6607357,CONFIRMED
120.86601242952747,1.0001805,0.00011642011,6607357,CONFIRMED
120.88644704350736,0.99973804,0.00011657299,6607357,CONFIRMED
120.90688145747845,0.99991935,0.00011657762,6607357,CONFIRMED
120.92731597139937,0.99990946,0.00011666532,6607357,CONFIRMED
120.94775058531377,0.9998891,0.00011663924,6607357,CONFIRMED
120.96818499917572,1.000176,0.00011671684,6607357,CONFIRMED
120.98861951303843,0.99989456,0.00011675245,6607357,CONFIRMED
121.00905392690038,1.000075,0.00011688887,6607357,CONFIRMED
121.02948854069837,0.99988836,0.00011698091,6607357,CONFIRMED
121.04992305456108,0.99998534,0.000116999116,6607357,CONFIRMED
121.07035756830737,0.9998992,0.0001170208,6607357,CONFIRMED
121.0907920821046,1.0002025,0.00011708698,6607357,CONFIRMED
121.1112265958509,1.0001382,0.00011710549,6607357,CONFIRMED
121.13166110953898,0.9999992,0.00011718385,6607357,CONFIRMED
121.15209552327724,0.99997795,0.00011704904,6607357,CONFIRMED
121.17253013696609,1.0000921,0.00011727926,6607357,CONFIRMED
121.19296465059597,1.0002273,0.00011723234,6607357,CONFIRMED
121.21339906427602,1.0001643,0.00011747867,6607357,CONFIRMED
121.23383367790666,1.000137,0.00011731831,6607357,CONFIRMED
121.25426819147833,0.99992627,0.00011749207,6607357,CONFIRMED
121.27470260504197,0.9999729,0.000117506905,6607357,CONFIRMED
121.29513711861364,0.99993384,0.00011747522,6607357,CONFIRMED
121.31557173218607,1.0001565,0.00011751606,6607357,CONFIRMED
121.33600624569226,1.000064,0.00011749259,6607357,CONFIRMED
121.35644065914676,0.9999455,0.00011741769,6607357,CONFIRMED
121.37687527266098,1.0000935,0.00011760693,6607357,CONFIRMED
121.39730978610896,1.000134,0.00011757842,6607357,CONFIRMED
121.41774419950525,1.0003104,0.00011749231,6607357,CONFIRMED
121.4381787129023,1.0000362,0.00011731512,6607357,CONFIRMED
121.45861332629283,1.0001034,0.000117122145,6607357,CONFIRMED
121.47904773968912,0.9999414,0.000117372045,6607357,CONFIRMED
121.49948225302796,1.0000445,0.000117433585,6607357,CONFIRMED
121.51991676635953,1.0000666,0.000117327254,6607357,CONFIRMED
121.54035137964092,0.99983424,0.00011738284,6607357,CONFIRMED
121.56078589292156,1.0000697,0.000117577365,6607357,CONFIRMED
121.58122030613595,0.9999281,0.00011762276,6607357,CONFIRMED
121.60165491941734,0.99990314,0.00011747977,6607357,CONFIRMED
121.62208943258156,1.0001049,0.00011745956,6607357,CONFIRMED
121.64252384579595,1.0001706,0.00011747875,6607357,CONFIRMED
121.66295835896017,0.9999674,0.00011761375,6607357,CONFIRMED
121.68339297206694,0.99997824,0.00011752614,6607357,CONFIRMED
121.70382738516491,0.99970424,0.00011747401,6607357,CONFIRMED
121.72426189827092,1.00027,0.00011747692,6607357,CONFIRMED
121.7446965113777,0.9997553,0.00011729415,6607357,CONFIRMED
121.76513092435926,1.0004191,0.00011735605,6607357,CONFIRMED
121.78556543740706,1.0000881,0.00011718684,6607357,CONFIRMED
121.80599995039665,0.9999508,0.00011729917,6607357,CONFIRMED
121.82643446337897,1.000021,0.00011732674,6607357,CONFIRMED
121.84686897631036,1.0000789,0.00011731174,6607357,CONFIRMED
121.86730348924175,1.0000914,0.00011724524,6607357,CONFIRMED
121.88773800210765,0.99978286,0.00011724567,6607357,CONFIRMED
121.90817251498083,0.99995416,0.000117372954,6607357,CONFIRMED
121.92860702785401,0.9996271,0.000116593335,6607357,CONFIRMED
121.94904144066095,0.99997765,0.00011703556,6607357,CONFIRMED
121.96947605347668,0.99977064,0.00011715531,6607357,CONFIRMED
121.98991056623345,1.0001931,0.00011721598,6607357,CONFIRMED
122.01034497898945,1.0001352,0.0001173848,6607357,CONFIRMED
122.0307795917397,1.0002049,0.00011736258,6607357,CONFIRMED
122.05121410443826,1.0002023,0.00011730783,6607357,CONFIRMED
122.07164861707133,0.99972767,0.0001172718,6607357,CONFIRMED
122.09208302976913,1.0001856,0.00011733687,6607357,CONFIRMED
122.11251764235203,0.9999484,0.00011714384,6607357,CONFIRMED
122.1329521549269,1.0002459,0.000117224605,6607357,CONFIRMED
122.15338656750828,1.0001189,0.00011729314,6607357,CONFIRMED
122.17382118009118,0.99989855,0.0001173576,6607357,CONFIRMED
122.19425569266605,0.99987406,0.00011711492,6607357,CONFIRMED
122.21469010513101,1.0001037,0.00011734206,6607357,CONFIRMED
122.23512461759674,1.0000838,0.00011734883,6607357,CONFIRMED
122.25555923005595,0.99991316,0.00011735163,6607357,CONFIRMED
122.2759936424045,1.0001018,0.000117232,6607357,CONFIRMED
122.29642815487023,1.0000734,0.00011695655,6607357,CONFIRMED
122.31686276721302,1.0001335,0.00011739615,6607357,CONFIRMED
122.33729717956157,1.000081,0.000117393545,6607357,CONFIRMED
122.35773169191089,1.0000635,0.00011728981,6607357,CONFIRMED
122.3781662041365,1.0000497,0.000117371106,6607357,CONFIRMED
122.39860081637016,1.0000036,0.000117428404,6607357,CONFIRMED
122.4190352286023,0.9997726,0.000117442985,6607357,CONFIRMED
122.43946974082792,0.9999562,0.00011741336,6607357,CONFIRMED
122.45990435306157,0.99999887,0.00011734646,6607357,CONFIRMED
122.4803387651773,0.9999912,0.000117397016,6607357,CONFIRMED
122.5007732772865,1.0000606,0.00011749353,6607357,CONFIRMED
122.52120768940222,0.9999639,0.0001172441,6607357,CONFIRMED
122.54164230151946,0.99997795,0.00011731033,6607357,CONFIRMED
122.56207681351225,0.99997354,0.00011741819,6607357,CONFIRMED
122.58251132551231,0.99997646,0.0001175139,6607357,CONFIRMED
122.60294583751238,0.99987113,0.00011757884,6607357,CONFIRMED
122.62338034950517,0.9999923,0.00011756727,6607357,CONFIRMED
122.64381486138882,1.00009,0.00011735193,6607357,CONFIRMED
122.66424927327171,0.9998717,0.00011730076,6607357,CONFIRMED
122.68468388514884,0.9999418,0.00011741488,6607357,CONFIRMED
122.70511839703249,1.0000793,0.00011746965,6607357,CONFIRMED
122.72555280879897,0.99978626,0.00011760047,6607357,CONFIRMED
122.74598742055969,1.0001734,0.000117459844,6607357,CONFIRMED
122.76642193232692,0.99963367,0.000117515134,6607357,CONFIRMED
122.7868563440934,0.99990314,0.00011747315,6607357,CONFIRMED
122.80729085585335,1.0000818,0.00011748914,6607357,CONFIRMED
122.82772546750493,0.99993294,0.0001175636,6607357,CONFIRMED
122.84815997915575,1.0000523,0.00011714635,6607357,CONFIRMED
122.86859449068288,1.0000085,0.00011691183,6607357,CONFIRMED
122.8890290023337,1.0001689,0.000117138516,6607357,CONFIRMED
122.9094635138681,0.99992865,0.00011669304,6607357,CONFIRMED
122.92989802539523,0.99994147,0.00011694296,6607357,CONFIRMED
122.95033243692887,0.99977833,0.000116842435,6607357,CONFIRMED
122.97076704834762,0.99995637,0.00011677706,6607357,CONFIRMED
122.99120155975834,1.000099,0.0001169141,6607357,CONFIRMED
123.01163597117556,1.0002427,0.00011679761,6607357,CONFIRMED
123.03207058259432,0.99967355,0.00011681283,6607357,CONFIRMED
123.05250509388861,1.0000379,0.00011721293,6607357,CONFIRMED
123.0729396053066,0.9999734,0.00011751465,6607357,CONFIRMED
123.09337401660741,1.0000472,0.00011756376,6607357,CONFIRMED
123.11380862778606,0.99995553,0.00011759671,6607357,CONFIRMED
123.13424313908763,1.0000647,0.00011735244,6607357,CONFIRMED
123.15467755027203,0.9996604,0.00011716482,6607357,CONFIRMED
123.17511216145067,0.99999905,0.0001172251,6607357,CONFIRMED
123.19554667251941,1.0001287,0.00011691871,6607357,CONFIRMED
123.2159810835874,1.0002663,0.00011720329,6607357,CONFIRMED
123.23641559477255,0.99991065,0.00011696935,6607357,CONFIRMED
123.25685020571837,1.0001223,0.00011758839,6607357,CONFIRMED
123.27728461678635,1.000186,0.000117532116,6607357,CONFIRMED
123.31815373868449,1.0001626,0.000117580086,6607357,CONFIRMED
123.33858814963605,0.9999281,0.000117537886,6607357,CONFIRMED
123.35902266047196,1.000294,0.000117626565,6607357,CONFIRMED
123.3794571713006,0.9999391,0.000117328105,6607357,CONFIRMED
123.39989178213727,0.99994385,0.00011726543,6607357,CONFIRMED
123.42032619296515,0.99995905,0.000117349504,6607357,CONFIRMED
123.44076070368465,0.9999752,0.000117275624,6607357,CONFIRMED
123.4611953144049,0.9997846,0.000117144926,6607357,CONFIRMED
123.48162972512364,1.0001261,0.00011737244,6607357,CONFIRMED
123.50206423583586,1.0000907,0.00011732954,6607357,CONFIRMED
123.52249864643818,1.000058,0.00011745144,6607357,CONFIRMED
123.54293325703475,0.9999817,0.00011751124,6607357,CONFIRMED
123.56336776763783,0.99987173,0.000117326716,6607357,CONFIRMED
123.5838022781245,1.0000132,0.000117517535,6607357,CONFIRMED
123.60423678861116,0.9999042,0.00011736865,6607357,CONFIRMED
123.62467129909055,1.0002201,0.00011740475,6607357,CONFIRMED
123.64510580957722,0.9998603,0.000117259275,6607357,CONFIRMED
123.6655402199467,1.0001347,0.00011726822,6607357,CONFIRMED
123.68597483031044,1.0000224,0.00011713105,6607357,CONFIRMED
123.70640934056428,1.0000029,0.00011708863,6607357,CONFIRMED
123.72684375093377,0.9999653,0.00011721661,6607357,CONFIRMED
123.74727836118109,1.0001955,0.00011724926,6607357,CONFIRMED
123.76771287143492,0.9999492,0.00011726376,6607357,CONFIRMED
123.78814728157158,1.0000368,0.00011728569,6607357,CONFIRMED
123.80858179181814,0.99984837,0.000117120275,6607357,CONFIRMED
123.82901640195632,1.0001055,0.000117262985,6607357,CONFIRMED
123.84945081197657,1.0000829,0.000116967756,6607357,CONFIRMED
123.86988532210671,1.0001138,0.00011715953,6607357,CONFIRMED
123.89031993212848,0.99988806,0.000116913834,6607357,CONFIRMED
123.9107544421422,0.99999636,0.00011702751,6607357,CONFIRMED
123.93118885204603,1.0000576,0.00011702201,6607357,CONFIRMED
123.95162336195062,1.000046,0.00011692732,6607357,CONFIRMED
123.9720579718487,1.0003942,0.00011716086,6607357,CONFIRMED
123.99249238175253,1.0005324,0.000117333744,6607357,CONFIRMED
124.0129268915407,0.99987864,0.00011705068,6607357,CONFIRMED
124.03336150132236,0.9999583,0.00011718418,6607357,CONFIRMED
124.05379591110977,0.99976647,0.00011702737,6607357,CONFIRMED
124.07423042078153,0.9999615,0.00011703596,6607357,CONFIRMED
124.09466493045329,0.9998349,0.00011725299,6607357,CONFIRMED
124.11509944011777,1.0000675,0.00011721141,6607357,CONFIRMED
124.13553394978953,0.9999091,0.00011736244,6607357,CONFIRMED
124.1559684593376,1.0002928,0.00011731059,6607357,CONFIRMED
124.1764030688937,0.9999666,0.000117399475,6607357,CONFIRMED
124.19683747833187,0.9999662,0.00011745321,6607357,CONFIRMED
124.2172719877708,0.9998358,0.00011722381,6607357,CONFIRMED
124.23770649720245,1.0001161,0.000117433076,6607357,CONFIRMED
124.25814100664138,0.9998061,0.00011750808,6607357,CONFIRMED
124.27857551595662,1.0001669,0.00011730856,6607357,CONFIRMED
124.29901002527913,0.9999595,0.00011763923,6607357,CONFIRMED
124.3194446346024,0.99994963,0.00011743115,6607357,CONFIRMED
124.33987904392416,1.0000709,0.0001175081,6607357,CONFIRMED
124.36031355312298,1.0000701,0.00011735878,6607357,CONFIRMED
124.38074806232908,1.0001647,0.000117419266,6607357,CONFIRMED
124.40118257141148,0.99991584,0.00011746043,6607357,CONFIRMED
124.42161708050116,0.9998653,0.00011739951,6607357,CONFIRMED
124.44205158959085,1.0002259,0.00011762375,6607357,CONFIRMED
124.4624861985576,1.0000321,0.00011760362,6607357,CONFIRMED
124.48292060764652,0.9997868,0.00011744045,6607357,CONFIRMED
124.50335511661979,0.99997044,0.00011753336,6607357,CONFIRMED
124.52378952547588,0.99994224,0.00011757226,6607357,CONFIRMED
124.54422413432621,0.9999293,0.00011729214,6607357,CONFIRMED
124.56465864318307,0.9997619,0.000117496864,6607357,CONFIRMED
124.58509305203916,0.9999853,0.00011758027,6607357,CONFIRMED
124.60552766077308,0.9999194,0.00011760841,6607357,CONFIRMED
124.62596216951351,1.0000794,0.000117574185,6607357,CONFIRMED
124.64639667824667,0.99983925,0.00011759922,6607357,CONFIRMED
124.66683108686993,1.0001868,0.00011763666,6607357,CONFIRMED
124.68726569549472,0.999881,0.00011769497,6607357,CONFIRMED
124.70770020400232,1.0000057,0.00011768506,6607357,CONFIRMED
124.7281346126183,0.9998306,0.00011776895,6607357,CONFIRMED
124.74856922112667,0.9999309,0.00011759984,6607357,CONFIRMED
124.76900372951059,0.99999434,0.00011744776,6607357,CONFIRMED
124.78943813801743,1.0004665,0.00011773502,6607357,CONFIRMED
124.8098726462922,0.99975586,0.00011769929,6607357,CONFIRMED
124.83030725468416,0.9999917,0.00011777258,6607357,CONFIRMED
124.8507416629509,1.0000373,0.00011760014,6607357,CONFIRMED
124.87117617122567,1.0000044,0.000117621516,6607357,CONFIRMED
124.89161067950045,1.00001,0.00011766016,6607357,CONFIRMED
124.91204528765229,1.0000538,0.0001176167,6607357,CONFIRMED
124.93247969580989,0.99992085,0.00011748225,6607357,CONFIRMED
124.95291420396825,0.99999404,0.00011765466,6607357,CONFIRMED
124.97334881200368,0.9999545,0.00011763389,6607357,CONFIRMED
124.99378322004486,0.9999958,0.000117325624,6607357,CONFIRMED
125.0142177280868,1.0002985,0.00011764374,6607357,CONFIRMED
125.0346521360043,0.9999748,0.000117630174,6607357,CONFIRMED
125.05508674393059,1.0000819,0.00011770559,6607357,CONFIRMED
125.0755212517397,,,6607357,CONFIRMED
125.09595575965795,1.0000322,0.00011739648,6607357,CONFIRMED
125.11639026735065,0.99985933,0.000117344345,6607357,CONFIRMED
125.13682477515977,1.0000128,0.00011752105,6607357,CONFIRMED
125.15725928284519,1.0000988,0.00011779632,6607357,CONFIRMED
125.17769369053713,1.000033,0.000117375166,6607357,CONFIRMED
125.19812829811417,1.0001512,0.00011734631,6607357,CONFIRMED
125.21856280579959,0.9999838,0.00011726685,6607357,CONFIRMED
125.2389972132587,0.99988717,0.00011737424,6607357,CONFIRMED
125.25943182083574,1.0003211,0.0001171137,6607357,CONFIRMED
125.27986632828834,1.0000793,0.00011695283,6607357,CONFIRMED
125.30030073574744,1.0001013,0.000116396935,6607357,CONFIRMED
125.3207352430909,1.000205,0.0001163451,6607357,CONFIRMED
125.34116985042783,1.000022,0.00011620773,6607357,CONFIRMED
125.36160425765411,0.9999637,0.00011670802,6607357,CONFIRMED
125.38203876499756,0.9999876,0.000116682975,6607357,CONFIRMED
125.40247337221808,1.000053,0.00011697945,6607357,CONFIRMED
125.4229078793287,1.0001553,0.00011736987,6607357,CONFIRMED
125.44334228643856,1.0000507,0.00011760088,6607357,CONFIRMED
125.46377679354191,1.0000618,0.000117204065,6607357,CONFIRMED
125.4842114006533,0.99988705,0.00011743337,6607357,CONFIRMED
125.50464580776315,0.99997616,0.00011719467,6607357,CONFIRMED
125.52508031463367,1.0000275,0.00011725933,6607357,CONFIRMED
125.54551492162864,1.0001252,0.00011741722,6607357,CONFIRMED
125.56594932850567,0.99986696,0.00011714517,6607357,CONFIRMED
125.58638383525977,0.9999433,0.00011732171,6607357,CONFIRMED
125.60681834213756,1.0000669,0.00011743529,6607357,CONFIRMED
125.62725284889893,1.0001146,0.000117381336,6607357,CONFIRMED
125.64768745553738,1.0000937,0.00011708347,6607357,CONFIRMED
125.66812186218158,0.9998951,0.000117543874,6607357,CONFIRMED
125.6885564688273,0.99987906,0.00011771711,6607357,CONFIRMED
125.70899097546499,0.99999523,0.00011763059,6607357,CONFIRMED
125.72942538199277,1.0000459,0.000117570286,6607357,CONFIRMED
125.7498598884049,0.9999384,0.00011753416,6607357,CONFIRMED
125.77029449492693,0.9997704,0.00011733766,6607357,CONFIRMED
125.7907289013383,1.0000268,0.00011743341,6607357,CONFIRMED
125.81116340763401,0.9998318,0.000117360825,6607357,CONFIRMED
125.83159801403963,1.0001923,0.000117133546,6607357,CONFIRMED
125.85203242021817,1.0001632,0.00011746844,6607357,CONFIRMED
125.87246692651388,0.9998648,0.00011749141,6607357,CONFIRMED
125.8929014326859,1.0001438,0.000117575655,6607357,CONFIRMED
125.9133359388652,0.99998325,0.00011743225,6607357,CONFIRMED
125.93377044492809,0.99980545,0.000117442556,6607357,CONFIRMED
125.9542049509837,1.0000846,0.000117431344,6607357,CONFIRMED
125.97463955704734,0.999956,0.00011750389,6607357,CONFIRMED
125.99507396299305,0.99989796,0.00011758978,6607357,CONFIRMED
126.01550846881582,1.0000294,0.000117489166,6607357,CONFIRMED
126.03594287476153,0.9998378,0.00011745579,6607357,CONFIRMED
126.05637748059235,0.9999591,0.00011737878,6607357,CONFIRMED
126.07681198629871,0.99991643,0.00011705427,6607357,CONFIRMED
126.097246392128,1.0000799,0.00011699208,6607357,CONFIRMED
126.1176809978424,1.0,0.000117018266,6607357,CONFIRMED
126.13811550343235,0.99973416,0.000116954725,6607357,CONFIRMED
126.15855000902957,0.9999305,0.000117128715,6607357,CONFIRMED
126.17898441462603,1.0000226,0.000117438125,6607357,CONFIRMED
126.19941902010032,1.0001881,0.000117139156,6607357,CONFIRMED
126.21985352558113,1.0003626,0.00011717989,6607357,CONFIRMED
126.24028793094476,1.0000128,0.000117204254,6607357,CONFIRMED
126.28115704166703,1.0000063,0.00011754891,6607357,CONFIRMED
126.30159144703066,1.0001407,0.00011750635,6607357,CONFIRMED
126.32202595227136,0.99997413,0.00011743692,6607357,CONFIRMED
126.34246055740368,1.0000995,0.00011732736,6607357,CONFIRMED
126.36289496253448,0.9997007,0.00011741745,6607357,CONFIRMED
126.38332946765877,0.9999882,0.00011764307,6607357,CONFIRMED
126.40376407267468,0.99978924,0.000117544485,6607357,CONFIRMED
126.42419857768982,0.9999691,0.00011749669,6607357,CONFIRMED
126.44463298269693,0.9999187,0.00011753447,6607357,CONFIRMED
126.46506748759566,0.9999795,0.0001173783,6607357,CONFIRMED
126.48550209237874,0.9999346,0.00011727108,6607357,CONFIRMED
126.50593649726943,1.0000962,0.0001175795,6607357,CONFIRMED
126.52637100205175,1.0000532,0.00011759371,6607357,CONFIRMED
126.54680540671689,0.99984205,0.000117246236,6607357,CONFIRMED
126.56724001137627,1.0000898,0.0001173051,6607357,CONFIRMED
126.58767451604217,1.0000895,0.00011735962,6607357,CONFIRMED
126.60810902059166,1.0000377,0.000117388736,6607357,CONFIRMED
126.62854352513386,1.000032,0.000117311625,6607357,CONFIRMED
126.64897802968335,1.0001732,0.00011712665,6607357,CONFIRMED
126.66941253411642,0.99989605,0.00011718428,6607357,CONFIRMED
126.68984693843231,1.000172,0.00011713428,6607357,CONFIRMED
126.71028154274245,0.99993414,0.000117112526,6607357,CONFIRMED
126.7307160470591,0.9999261,0.000117075426,6607357,CONFIRMED
126.75115045136772,0.9999143,0.0001170377,6607357,CONFIRMED
126.77158505556872,1.0000439,0.0001172186,6607357,CONFIRMED
126.79201955965254,0.9999122,0.00011690257,6607357,CONFIRMED
126.8124539637356,1.0001163,0.000117152114,6607357,CONFIRMED
126.83288846781215,0.99995583,0.000116820105,6607357,CONFIRMED
126.85332307178032,1.0000144,0.00011701456,6607357,CONFIRMED
126.8737574757397,0.999926,0.00011713296,6607357,CONFIRMED
126.8941919797071,0.99995464,0.00011718228,6607357,CONFIRMED
126.91462658355886,1.0000522,0.00011691075,6607357,CONFIRMED
126.93506108728616,1.0001532,0.000117079886,6607357,CONFIRMED
126.95549549101997,0.99991304,0.00011707854,6607357,CONFIRMED
126.97592999475455,1.0000097,0.00011714038,6607357,CONFIRMED
126.99636459848261,1.0002482,0.00011711433,6607357,CONFIRMED
127.01679910198436,1.0000889,0.00011718926,6607357,CONFIRMED
127.03723350560176,1.0000111,0.000117399046,6607357,CONFIRMED
127.057668109097,1.000048,0.0001172348,6607357,CONFIRMED
127.07810261259874,1.000158,0.000117446434,6607357,CONFIRMED
127.09853701598331,0.999978,0.00011682934,6607357,CONFIRMED
127.11897151936137,0.99983656,0.00011695577,6607357,CONFIRMED
127.13940612263104,0.99995744,0.00011718675,6607357,CONFIRMED
127.15984062589996,1.0002323,0.000116877825,6607357,CONFIRMED
127.18027502904442,0.9999663,0.00011738158,6607357,CONFIRMED
127.20070963219769,0.99992,0.00011704753,6607357,CONFIRMED
127.22114413535019,1.0000485,0.00011707476,6607357,CONFIRMED
127.24157853837823,1.0000538,0.000117307856,6607357,CONFIRMED
127.26201304141432,1.000015,0.00011727856,6607357,CONFIRMED
127.28244764433475,1.0000626,0.0001172675,6607357,CONFIRMED
127.30288204724638,0.99989885,0.00011757386,6607357,CONFIRMED
127.32331655004964,1.0001913,0.00011736643,6607357,CONFIRMED
127.34375115285366,0.99978894,0.00011748471,6607357,CONFIRMED
127.36418555564887,0.99993956,0.00011686948,6607357,CONFIRMED
127.38462005833571,0.9999373,0.000116803676,6607357,CONFIRMED
127.40505456102255,1.0000612,0.00011707848,6607357,CONFIRMED
127.4254890635857,0.9998961,0.00011678181,6607357,CONFIRMED
127.44592356615613,0.99999917,0.0001171486,6607357,CONFIRMED
127.46635806861013,1.0001206,0.00011713211,6607357,CONFIRMED
127.48679267105763,0.99990755,0.00011708034,6607357,CONFIRMED
127.50722707339446,1.0001291,0.00011732373,6607357,CONFIRMED
127.52766157573205,1.0000559,0.000117144096,6607357,CONFIRMED
127.54809597806889,0.9999426,0.00011749032,6607357,CONFIRMED
127.56853058028355,1.0003585,0.000117617594,6607357,CONFIRMED
127.58896508250473,1.0000535,0.000117277144,6607357,CONFIRMED
127.60939958460222,,,6607357,CONFIRMED
127.62983408659056,,,6607357,CONFIRMED
127.65026858869533,1.0001067,0.00011773581,6607357,CONFIRMED
127.6707030906764,1.0001391,0.000117840376,6607357,CONFIRMED
127.69113749254757,1.000114,0.00011770771,6607357,CONFIRMED
127.71157209442026,1.0000339,0.0001175214,6607357,CONFIRMED
127.7320065961685,1.0001639,0.00011724259,6607357,CONFIRMED
127.75244099792326,1.0000714,0.00011710258,6607357,CONFIRMED
127.77287549967878,1.0002168,0.00011752453,6607357,CONFIRMED
127.79331010131136,1.0001532,0.00011754383,6607357,CONFIRMED
127.81374450283329,0.9998774,0.000117599084,6607357,CONFIRMED
127.83417900447239,0.9999288,0.00011748502,6607357,CONFIRMED
127.85461360587215,0.99999464,0.000117344665,6607357,CONFIRMED
127.87504800739407,0.9999792,0.000117223244,6607357,CONFIRMED
127.89548250868393,1.0000985,0.00011704979,6607357,CONFIRMED
127.9159170100902,0.9999126,0.000117081516,6607357,CONFIRMED
127.93635151137278,1.000007,0.00011716549,6607357,CONFIRMED
127.95678601254622,0.9998237,0.00011725659,6607357,CONFIRMED
127.97722051371238,0.99991757,0.000117130185,6607357,CONFIRMED
127.99765511477017,0.9998981,0.00011705639,6607357,CONFIRMED
128.01808951582643,0.9999793,0.00011698211,6607357,CONFIRMED
128.03852401688346,0.9999294,0.00011702545,6607357,CONFIRMED
128.05895841781603,0.99988693,0.00011710724,6607357,CONFIRMED
128.07939301864099,0.99977547,0.00011728923,6607357,CONFIRMED
128.09982751957432,1.0000715,0.00011737697,6607357,CONFIRMED
128.1202620202821,1.0000868,0.00011728628,6607357,CONFIRMED
128.14069652098988,1.000099,0.00011714092,6607357,CONFIRMED
128.16113102169766,0.99995255,0.00011731269,6607357,CONFIRMED
128.18156552228174,0.9999203,0.00011739449,6607357,CONFIRMED
128.20199992287235,0.9999584,0.00011737935,6607357,CONFIRMED
128.22243452334078,1.0001218,0.0001171794,6607357,CONFIRMED
128.24286902381573,1.0000665,0.0001169974,6607357,CONFIRMED
128.2633034241735,1.0002222,0.0001170577,6607357,CONFIRMED
128.2837380245328,1.0002112,0.00011678908,6607357,CONFIRMED
128.30417252476764,0.9999704,0.00011709194,6607357,CONFIRMED
128.324606925009,0.9999663,0.00011677691,6607357,CONFIRMED
128.3654760253703,1.000074,0.00011733628,6607357,CONFIRMED
128.3859105253796,0.9999629,0.00011729044,6607357,CONFIRMED
128.40634502538887,0.9998822,0.00011728699,6607357,CONFIRMED
128.42677952527447,0.9999872,0.000117147225,6607357,CONFIRMED
128.44721402516734,0.9998662,0.00011747114,6607357,CONFIRMED
128.46764852505294,0.9998786,0.00011749813,6607357,CONFIRMED
128.48808292482863,1.0001961,0.00011737794,6607357,CONFIRMED
128.50851752448943,1.0002561,0.00011732406,6607357,CONFIRMED
128.52895202414948,0.99995255,0.00011739485,6607357,CONFIRMED
128.54938642380148,0.9998281,0.000117352036,6607357,CONFIRMED
128.56982102334587,0.9998756,0.00011721849,6607357,CONFIRMED
128.5902555227658,0.99989367,0.00011734145,6607357,CONFIRMED
128.61068992219225,0.99997324,0.00011728824,6607357,CONFIRMED
128.63112442161946,0.9999424,0.0001172806,6607357,CONFIRMED
128.65155902093102,0.99978954,0.000117429816,6607357,CONFIRMED
128.67199352011812,1.0000403,0.00011740415,6607357,CONFIRMED
128.69242791931174,1.0000408,0.00011748761,6607357,CONFIRMED
128.7128625184996,1.0000892,0.00011744362,6607357,CONFIRMED
128.73329701757757,0.99976796,0.00011705063,6607357,CONFIRMED
128.75373141665477,1.000194,0.00011723535,6607357,CONFIRMED
128.77416591561632,0.9996481,0.00011724061,6607357,CONFIRMED
128.79460051445494,,,6607357,CONFIRMED
128.81503491329931,0.9998784,0.00011748392,6607357,CONFIRMED
128.83546941213717,1.000247,0.000117085605,6607357,CONFIRMED
128.8559039108659,1.0000342,0.00011706363,6607357,CONFIRMED
128.8763384094782,1.000223,0.000116759606,6607357,CONFIRMED
128.8967729080905,1.0001636,0.00011736356,6607357,CONFIRMED
128.91720740669552,1.00016,0.00011708308,6607357,CONFIRMED
128.9376419051914,0.9999905,0.00011719357,6607357,CONFIRMED
128.9580764035636,1.000061,0.00011720984,6607357,CONFIRMED
128.9785109020595,1.000349,0.00011695746,6607357,CONFIRMED
128.9989453003218,0.99993736,0.000116711024,6607357,CONFIRMED
129.0193798985856,0.99993813,0.000116609604,6607357,CONFIRMED
129.0398143968414,1.0000513,0.00011705498,6607357,CONFIRMED
129.06024879487086,0.999904,0.00011729069,6607357,CONFIRMED
129.080683393011,1.0001385,0.000117460535,6607357,CONFIRMED
129.1011178910412,1.0000623,0.00011739747,6607357,CONFIRMED
129.12155238895502,1.0000936,0.00011751016,6607357,CONFIRMED
129.14198678686807,0.9997822,0.00011741161,6607357,CONFIRMED
129.16242138477537,1.0000758,0.00011740335,6607357,CONFIRMED
129.18285588257277,1.0002623,0.00011733405,6607357,CONFIRMED
129.203290280253,0.99986714,0.00011731204,6607357,CONFIRMED
129.22372487792745,1.0000575,0.00011732718,6607357,CONFIRMED
129.24415937549202,1.0000334,0.00011751654,6607357,CONFIRMED
129.26459377305582,0.99992114,0.0001174651,6607357,CONFIRMED
129.2850282704967,1.0000031,0.00011745698,6607357,CONFIRMED
129.3054628679456,0.99987406,0.00011729529,6607357,CONFIRMED
129.32589726527658,0.9997466,0.00011735695,6607357,CONFIRMED
129.34633176260104,1.0000895,0.00011745226,6607357,CONFIRMED
129.36676635981712,0.99993086,0.000117546595,6607357,CONFIRMED
129.38720075703168,0.99998367,0.00011711913,6607357,CONFIRMED
129.4076352541233,0.99998367,0.00011715048,6607357,CONFIRMED
129.4280697512222,1.0000198,0.00011749186,6607357,CONFIRMED
129.44850434819818,1.0001538,0.00011692211,6607357,CONFIRMED
129.4689387450635,1.0000377,0.00011702592,6607357,CONFIRMED
129.48937324192957,1.0000672,0.00011661514,6607357,CONFIRMED
129.5098078387964,0.99993485,0.00011684549,6607357,CONFIRMED
129.53024223553803,0.99985826,0.00011651068,6607357,CONFIRMED
129.55067673217127,1.0000192,0.00011636403,6607357,CONFIRMED
129.5711112288045,1.0000907,0.00011646093,6607357,CONFIRMED
129.59154572543048,1.0000254,0.00011692738,6607357,CONFIRMED
129.6119802218309,1.0001324,0.00011696283,6607357,CONFIRMED
129.63241471834772,1.0001221,0.00011728319,6607357,CONFIRMED
129.65284921462444,1.0000131,0.000117239266,6607357,CONFIRMED
129.67328371102485,0.99998826,0.0001172859,6607357,CONFIRMED
129.69371820719243,1.000156,0.00011712341,6607357,CONFIRMED
129.71415270335274,0.9998355,0.00011732925,6607357,CONFIRMED
129.73458719952032,0.99993837,0.00011734879,6607357,CONFIRMED
129.7550216955715,1.000143,0.00011718891,6607357,CONFIRMED
129.77545619161538,0.99999446,0.00011714715,6607357,CONFIRMED
129.7958907875509,1.000124,0.000117086245,6607357,CONFIRMED
129.81632518336846,1.0001125,0.000117010226,6607357,CONFIRMED
129.83675967917952,0.99993086,0.00011688714,6607357,CONFIRMED
129.85719417488144,1.0000547,0.000116934876,6607357,CONFIRMED
129.87762867058336,1.0001765,0.00011688386,6607357,CONFIRMED
129.898063166278,1.0000783,0.00011693982,6607357,CONFIRMED
129.9184976617471,0.9999382,0.000116757496,6607357,CONFIRMED
129.9389321572162,0.99996114,0.00011659074,6607357,CONFIRMED
129.959366652678,0.9998456,0.00011657498,6607357,CONFIRMED
129.97980114803067,1.0000955,0.00011652831,6607357,CONFIRMED
130.0002355433826,0.9999655,0.000116325435,6607357,CONFIRMED
130.02067013861233,0.9998632,0.000116180585,6607357,CONFIRMED
130.04110463373217,0.9999316,0.000116127405,6607357,CONFIRMED
130.06153902885126,0.99996084,0.000115986484,6607357,CONFIRMED
130.0819735238474,1.0002191,0.00011599944,6607357,CONFIRMED
130.1024081188516,1.0000558,0.00011581348,6607357,CONFIRMED
130.12284251373785,0.9999247,0.00011537749,6607357,CONFIRMED
130.1432770086176,0.9999431,0.00011530369,6607357,CONFIRMED
130.16371160338895,1.0000604,0.0001151957,6607357,CONFIRMED
130.18414609804313,0.99998516,0.00011503111,6607357,CONFIRMED
130.20458049268927,1.0001227,0.00011491458,6607357,CONFIRMED
130.22501498734346,1.000008,0.00011440033,6607357,CONFIRMED
130.24544958188199,0.9999362,0.00011466498,6607357,CONFIRMED
